2009,NON-INCAPACITATING,30.281225,-97.744133,W 18TH,NUECES
2009,POSSIBLE INJURY,30.257354,-97.73716669,HOLLY ST,IH0035N
2009,POSSIBLE INJURY,30.268811,-97.7742184,BARTON SPRINGS RD,S MOPAC EXPY
2009,POSSIBLE INJURY,30.26153244,-97.77498927,BORTON HILLS DR,HOLLOW CREEK DR
2009,NON-INCAPACITATING,30.28594272,-97.7639296,ENFIELD RD,NEWFIELD RD
2009,NON-INCAPACITATING,30.35627513,-97.71542813,RESEARCH BLVD,NOT REPORTED
2009,NON-INCAPACITATING,30.19016,-97.891506,ESCARPMENT BLVD,REDMOND RD
2009,NON-INCAPACITATING,30.431631,-97.778249,SPICEWOOD SPRINGS RD,HEATHROW DR
2009,INCAPACITATING INJURY,0,0,RED RIVER ST,E 12TH ST
2009,NON-INCAPACITATING,30.361729,-97.746972,SPICEWOOD,WOODHOLLOW
2009,NON-INCAPACITATING,30.206832,-97.782341,S 1ST,BRAMBLE DR
2009,POSSIBLE INJURY,30.2823,-97.74208,GUADALUPE ST,NOT REPORTED
2009,NON-INCAPACITATING,30.274929,-97.744095,GUADALUPE ST,NOT REPORTED
2009,NON-INCAPACITATING,30.26856119,-97.77736554,S MOPAC BLVD,ROLLINGWOOD DR
2009,POSSIBLE INJURY,30.35905907,-97.7912977,N CAP OF TX HWY,FM2222
2009,POSSIBLE INJURY,30.20044284,-97.73905007,MAUFRAIS LN,NUCKOLS CROSSING RD
2009,INCAPACITATING INJURY,30.296503,-97.742104,GUADALUPE ST,30TH ST
2009,NON-INCAPACITATING,30.302781,-97.738115,GUADALUPE ST,W 38TH ST
2009,POSSIBLE INJURY,30.27080899,-97.75434768,N LAMAR BLVD,LAMAR BLVD
2009,NON-INCAPACITATING,30.44992335,-97.78670194,ANDERSON MILL RD,US0183
2009,INCAPACITATING INJURY,30.284474,-97.718184,MANOR RD,CHESTNUT AVE
2009,POSSIBLE INJURY,30.31084,-97.732968,W 45TH ST,GUADALUPE ST
2009,POSSIBLE INJURY,30.27286551,-97.74488664,GUADALUPE ST,W 10TH ST
2009,NON-INCAPACITATING,30.19309712,-97.77882078,S CONGRESS AVE,WILLIAM CANNON DR
2009,NON-INCAPACITATING,30.241769,-97.728315,ROYAL CREST DR,E RIVERSIDE DR
2009,NON-INCAPACITATING,30.3528013,-97.67946265,E RUNDBERG LN,CAMERON RD
2009,NON-INCAPACITATING,30.25866993,-97.75409351,BOULDIN AVE,DANIEL DR
2009,POSSIBLE INJURY,30.34117915,-97.70228655,E ANDERSON LN,IH35
2009,POSSIBLE INJURY,30.20916074,-97.78429712,W STASSNEY LN,SALEM WALK DR
2009,POSSIBLE INJURY,30.36053529,-97.71653579,FAIR FIELD DR,RESEARCH BLVD
2009,POSSIBLE INJURY,30.309095,-97.709749,E 51ST,CAMERON RD
2009,POSSIBLE INJURY,30.38823692,-97.75353948,N CAPITAL OF TEXAS HWY,MOUNTAIN RIDGE DR
2009,NON-INCAPACITATING,30.20770166,-97.72107437,BURLESON RD,JUDSON RD
2009,POSSIBLE INJURY,30.28747032,-97.72763026,E DEAN KEATON ST,RED RIVER ST
2009,NON-INCAPACITATING,30.35442,-97.755061,FAR WEST BLVD,VILLAGE CENTER DR
2009,NON-INCAPACITATING,30.24804928,-97.73535371,IH35,E RIVERSIDE DR
2009,POSSIBLE INJURY,0,0,IH35,E MLK JR BLVD
2009,INCAPACITATING INJURY,30.280638,-97.738135,E MARTIN LUTHER KING JR BLVD,CONGRESS AVE
2009,POSSIBLE INJURY,30.26499336,-97.75019735,W CESAR CHAVEZ ST,NOT REPORTED
2009,NON-INCAPACITATING,30.24691973,-97.77729479,BLUEBONNET,S LAMAR BLVD
2009,NON-INCAPACITATING,30.23187193,-97.71831118,E RIVERSIDE DR,CROSSING PL
2009,NON-INCAPACITATING,30.26990629,-97.74954307,RIO GRANDE ST,W 6TH ST
2009,NON-INCAPACITATING,30.2312475,-97.76649554,S 1ST,W ALPINE RD
2009,NON-INCAPACITATING,30.267783,-97.745562,LAVACA ST,5TH ST
2009,NOT INJURED,30.35768147,-97.70006535,N LAMAR BLVD,PAYTON GEN RD
2009,NON-INCAPACITATING,30.260914,-97.713715,E 7TH ST,NOT REPORTED
2009,NON-INCAPACITATING,30.275113,-97.745214,W 12TH ST,SAN ANTONIO ST
2009,NON-INCAPACITATING,30.249851,-97.74144,ALAMEDA DR,RUTHERFORD PL
2009,NON-INCAPACITATING,30.268108,-97.746685,GUADALUPE ST,W 5TH ST
2009,NON-INCAPACITATING,30.18452,-97.744818,S PLEASANT VALLEY RD,NUCKOLS CROSSING RD
2009,NON-INCAPACITATING,30.258652,-97.748491,BARTON SPRINGS RD,W RIVERSIDE DR
2009,NON-INCAPACITATING,30.15715738,-97.83337863,MANCHACA RD,RAVENSCROFT DR
2009,NON-INCAPACITATING,30.280912,-97.743072,SAN ANTONIO ST,18TH ST
2009,NON-INCAPACITATING,30.35341159,-97.74810978,N MOPAC,FARWEST BLVD
2009,POSSIBLE INJURY,30.268421,-97.747714,W 5TH ST,SAN ANTONIO ST
2009,NOT INJURED,30.32814742,-97.73978155,BURNET RD,LAWNMAOUNT AVE
2009,POSSIBLE INJURY,30.33655908,-97.69296781,NORWOOD PARK,ANDERSON
2009,POSSIBLE INJURY,30.31109,-97.715424,38TH 12 ST,AIRPORT BLVD
2009,NON-INCAPACITATING,30.200962,-97.870943,W SLAUGHTER LN,BECKETT RD
2009,NOT INJURED,30.265248,-97.736435,SABINE ST,E 5TH ST
2009,NON-INCAPACITATING,30.291721,-97.734222,DUVAL ST,E 30TH ST
2009,NON-INCAPACITATING,30.310505,-97.711919,HARMON AVE,NOT REPORTED
2009,POSSIBLE INJURY,30.265818,-97.742176,E 4TH ST,BRAZOS ST
2009,NON-INCAPACITATING,30.32139773,-97.68902067,SH0290,BERKMAN
2009,NON-INCAPACITATING,30.346764,-97.736681,BURNET RD,CULLEN AVE
2009,POSSIBLE INJURY,30.265281,-97.743859,CONGRESS AVE,W 3RD ST
2009,NON-INCAPACITATING,30.352161,-97.733285,ST JOSEPH BLVD,BURNET RD
2009,NON-INCAPACITATING,30.264746,-97.764966,BARTON SPRINGS RD,ROBERT E LEE
2009,NON-INCAPACITATING,30.34487,-97.745452,SHOAL CREEK BLVD,TWIN OAKS DR
2009,POSSIBLE INJURY,30.277687,-97.771866,LAKE AUSTIN BLVD,VETERANS DR
2009,NON-INCAPACITATING,30.232516,-97.758431,S CONGRESS AVE,LA VISTA ST
2009,POSSIBLE INJURY,30.40837576,-97.71594996,DUVAL RD,MOPAC EXPY
2009,NON-INCAPACITATING,0,0,E MLK BLVD,CHICON ST
2009,POSSIBLE INJURY,30.300103,-97.75618,JEFFERSON ST,NORTHWOOD RD
2009,NOT INJURED,30.287537,-97.701302,ANCHOR,MANOR RD
2009,INCAPACITATING INJURY,30.248463,-97.776267,BLUE BONNET LN,S LAMAR
2009,NON-INCAPACITATING,30.26072167,-97.75790129,BARTON SPRINGS RD,LAMAR BLVD
2009,NON-INCAPACITATING,30.267234,-97.707914,NEAL,WEBBERVILLE
2009,POSSIBLE INJURY,0,0,PEPPER,TERI RD
2009,POSSIBLE INJURY,30.411657,-97.722057,DUVAL RD,AMHERST DR
2009,NON-INCAPACITATING,30.26375943,-97.71544645,SWENSON,E 8TH ST
2009,INCAPACITATING INJURY,30.35039485,-97.79658636,SH0360,W COURTYARD DR
2009,INCAPACITATING INJURY,30.28922794,-97.72324488,IH35,32ND ST
2009,NON-INCAPACITATING,30.259716,-97.749325,W RIVERSIDE,S 1ST
2009,POSSIBLE INJURY,30.46634996,-97.80408631,RR0620,PECAN PARK BLVD
2009,POSSIBLE INJURY,30.28340085,-97.72871627,CLYDE LITTEFIELD,RED RIVER ST
2009,NON-INCAPACITATING,30.32756276,-97.81118917,CAPITOL OF TEXAS,WAYMAKER WAY
2009,POSSIBLE INJURY,0,0,E WILLIAM CANNON,MEADOW
2009,NOT INJURED,30.27505577,-97.74404715,GUADALUPE ST,W 12TH ST
2009,INCAPACITATING INJURY,30.369263,-97.70556,RUTLAND DR,PARKFIELD DR
2009,NOT INJURED,0,0,45TH ST,SHOAL CREEK BL
2009,NON-INCAPACITATING,30.305723,-97.744167,MEDICAL PKWY,W 38TH ST
2009,INCAPACITATING INJURY,30.22462166,-97.8043435,TAHOE TRL,WEST GATE BLVD
2009,POSSIBLE INJURY,30.19057576,-97.75649155,DOVE SPRINGS DR,BLACK MULE
2009,NON-INCAPACITATING,30.266218,-97.743504,CONGRESS,4TH ST
2009,POSSIBLE INJURY,30.260655,-97.723,E 5TH ST,CHICON ST
2009,NON-INCAPACITATING,30.47676976,-97.76497397,W PARMER LN,FM0620
2009,NON-INCAPACITATING,30.35573655,-97.75172787,WOOD HOLLOW DR,GREY STONE DR
2009,NON-INCAPACITATING,30.322508,-97.736916,NORTH LOOP,WOODROW
2009,NON-INCAPACITATING,30.38530912,-97.70324737,KRAMER LN,W SAGE HOLLOW DR
2009,NON-INCAPACITATING,30.1760389,-97.82260594,MANCHACA RD,MONARCH DR
2009,NON-INCAPACITATING,30.2738807,-97.75640071,BLANCO ST,W 7TH ST
2009,NON-INCAPACITATING,30.251711,-97.70876,E CESAR CHAVEZ,TILLERY ST
2009,INCAPACITATING INJURY,30.268738,-97.748817,WEST 5TH ST,NUECES ST
2009,POSSIBLE INJURY,30.277355,-97.716606,E 16TH,CHESTNUT
2009,NON-INCAPACITATING,30.33247033,-97.70434267,IH35,E ST JOHNS
2009,INCAPACITATING INJURY,30.299363,-97.734371,SPEEDWAY,W 35TH ST
2009,NON-INCAPACITATING,30.2887432,-97.74035095,WHITTIS AVE,WHITTIS AVE
2009,POSSIBLE INJURY,30.26711601,-97.73938235,E 6TH ST,TRINITY
2009,POSSIBLE INJURY,30.38852386,-97.75012249,N CAPITAL OF TX HWY,WILDRIGDE DR
2009,POSSIBLE INJURY,30.396216,-97.705871,METRIC BLVD,NOT REPORTED
2009,POSSIBLE INJURY,30.36639528,-97.73860928,SHOAL CREEK BLVD,STECK AVE
2009,NON-INCAPACITATING,30.37154079,-97.72276322,RESEARCH,NOT REPORTED
2009,INCAPACITATING INJURY,0,0,MCNEIL DR,TECHNOLOGY BLVD
2009,NON-INCAPACITATING,30.31331707,-97.76719212,PECOS ST,35TH ST
2009,POSSIBLE INJURY,30.31334713,-97.7046162,CAMERON RD,CLOVERLEAF DR
2009,NON-INCAPACITATING,30.267783,-97.745562,LAVACA,W 5TH
2009,INCAPACITATING INJURY,30.38878045,-97.67236647,IH35,VFW RD
2009,POSSIBLE INJURY,30.48843748,-97.77154317,W PARMER LN,NOT REPORTED
2009,NON-INCAPACITATING,30.23557091,-97.82463074,S MOPAC,SH0290
2009,NON-INCAPACITATING,30.2747234,-97.71398458,E 12TH ST,SINGLETON AVE
2009,NON-INCAPACITATING,30.371058,-97.69247487,N LAMAR BLVD,MASTERSON
2009,NON-INCAPACITATING,0,0,COMMONWEALTH,JOLLYVILLE RD
2009,INCAPACITATING INJURY,30.345875,-97.67755,FERGUSON LN,CAMERON RD
2009,POSSIBLE INJURY,30.2436492,-97.78227302,BARTON,S LAMAR
2009,POSSIBLE INJURY,30.330843,-97.696416,WILKS,PROVIDENCE
2009,POSSIBLE INJURY,30.220815,-97.794047,MANCHACA RD,JONES RD
2009,NON-INCAPACITATING,30.26945715,-97.75169524,W 5TH ST,WEST AVE
2009,NON-INCAPACITATING,30.266251,-97.747369,W 3RD ST,GUADALUPE ST
2009,NON-INCAPACITATING,30.287715,-97.741598,24TH ST,GUADALUPE ST
2009,POSSIBLE INJURY,30.24093058,-97.73699657,WOODLAND AVE,IH35
2009,INCAPACITATING INJURY,30.35039485,-97.79658636,SH0360,W COURTYARD DR
2009,NON-INCAPACITATING,30.259716,-97.749325,S 1ST,RIVERSIDE DR
2009,POSSIBLE INJURY,30.42434982,-97.67155238,W HOWARD LN,IH35
2009,NON-INCAPACITATING,30.1887966,-97.85649291,W SLAUGHTER LN,W SLAUGHTER LN
2009,NON-INCAPACITATING,30.35506,-97.756683,FAR WEST BLVD,HART LN
2009,NON-INCAPACITATING,30.42579863,-97.75791419,JOLLYVILLE RD,PAVILLION BLVD
2009,NON-INCAPACITATING,30.26113901,-97.75914201,BARTON SPRINGS RD,NOT REPORTED
2009,NON-INCAPACITATING,30.264746,-97.764966,BARTON SPRINGS RD,ROBERT E LEE RD
2009,NON-INCAPACITATING,30.30545402,-97.72564268,DUVAL ST,43RD ST
2009,NON-INCAPACITATING,30.25962486,-97.74925441,W RIVERSIDE DR,S 1ST
2009,NON-INCAPACITATING,0,0,SOUTH WEST PKWY,REPUBLIC OF TX BLVD
2009,POSSIBLE INJURY,0,0,EAST SIDE DR,WOODLAND
2009,NON-INCAPACITATING,30.343937,-97.714924,N LAMAR,MORROW ST
2009,NON-INCAPACITATING,30.276219,-97.737127,E 15TH,SAN JACINTO
2009,NON-INCAPACITATING,30.25983975,-97.74925679,S 1ST,W RIVERSIDE DR
2009,POSSIBLE INJURY,30.22999641,-97.78825276,W BEN WHITE BLVD,MANCHACA RD
2009,NON-INCAPACITATING,30.38799411,-97.65033221,E PARMER,NOT REPORTED
2009,POSSIBLE INJURY,30.28390005,-97.70491033,ECKERT,AIRPORT BLVD
2009,POSSIBLE INJURY,30.33422175,-97.73852598,KOENIG,LAIRD
2009,POSSIBLE INJURY,30.21472592,-97.82990418,BRODIE,WILLIAM CANNON
2009,NON-INCAPACITATING,0,0,E MLK BLVD,COMAL
2009,NON-INCAPACITATING,30.2021099,-97.77569153,S CONGRESS AVE,LITTLE TEXAS LN
2009,NON-INCAPACITATING,30.228085,-97.761177,S CONGRESS,W ALPINE
2009,NON-INCAPACITATING,30.322508,-97.736916,NORTH LOOP,WOODROW
2009,NON-INCAPACITATING,30.27087657,-97.75221838,W 6TH ST,BOWIE
2009,NON-INCAPACITATING,30.2618735,-97.76137349,BARTON SPRINGS RD,KINNEY AVE
2009,NON-INCAPACITATING,30.26468622,-97.7570117,S LAMAR BLVD,RIVERSIDE DR
2009,POSSIBLE INJURY,30.229672,-97.76022,S CONGRESS,WOODWARD
2009,POSSIBLE INJURY,30.212797,-97.831079,BRODIE LN,BANNOCKBURN DR
2009,NON-INCAPACITATING,30.266218,-97.743504,W 4TH ST,CONGRESS AVE
2009,POSSIBLE INJURY,30.265006,-97.746608,LAVACA,W 2ND
2009,POSSIBLE INJURY,30.249534,-97.85305,SOUTHWEST PKWY,VEGA AVE
2009,POSSIBLE INJURY,30.269321,-97.747368,W 6TH ST,SAN ANTONIO ST
2009,NON-INCAPACITATING,30.22750651,-97.77959167,BANISTER LN,BEN WHITE BLVD
2009,NOT INJURED,30.31211493,-97.7153936,E 51ST,AIRPORT BLVD
2009,INCAPACITATING INJURY,30.19531765,-97.7578748,PONCIANA DR,STASSNEY LN
2009,POSSIBLE INJURY,30.27883,-97.74624,RIO GRANDE,15TH ST
2009,INCAPACITATING INJURY,30.42428838,-97.71216635,W PARMER LN,AMHERST
2009,NON-INCAPACITATING,30.233758,-97.723544,E RIVERSIDE DR,S PLEASANT VALLEY RD
2009,NON-INCAPACITATING,30.17950703,-97.75218006,MEADOW LAKE BLVD,LAMBS LN
2009,NON-INCAPACITATING,30.269636,-97.748483,W 6TH ST,NUECES
2009,POSSIBLE INJURY,30.231784,-97.758892,HAVANA,CONGRESS
2009,NON-INCAPACITATING,30.29014583,-97.72787053,MEDICAL ARI ST,E 31ST
2009,NON-INCAPACITATING,30.265789,-97.7346377,E 6TH ST,IH35
2009,NON-INCAPACITATING,30.179428,-97.796126,GREAT BRITAIN BLVD,S 1ST
2009,NON-INCAPACITATING,30.237218,-97.754938,S CONGRESS AVE,LONG BOW LN
2009,POSSIBLE INJURY,30.196444,-97.860393,SLAUGHTER LN,ZUNIGA DR
2009,POSSIBLE INJURY,30.404008,-97.698732,METRIC BLVD,NOT REPORTED
2009,POSSIBLE INJURY,30.22180246,-97.74215982,PARKER LN,WOODWARD ST
2009,INCAPACITATING INJURY,30.36808627,-97.7422434,STECK AVE,N MOPAC
2009,INCAPACITATING INJURY,30.44871476,-97.79046885,US0183,ANDERSON MILL RD
2009,NON-INCAPACITATING,30.26372,-97.728516,E 6TH,NAVASOTA
2009,NON-INCAPACITATING,30.26340678,-97.74453809,CONGRESS,CESAR CHAVEZ
2009,NON-INCAPACITATING,30.287715,-97.741598,GUADALUPE ST,NOT REPORTED
2009,POSSIBLE INJURY,30.42580243,-97.75791667,JOLLYVILLE,S COLUMBIA OAKS
2009,NON-INCAPACITATING,30.2823,-97.74208,GUADALUPE ST,MLK BLVD
2009,NON-INCAPACITATING,30.28789203,-97.74466298,RIO GRANDE,24TH ST
2009,NON-INCAPACITATING,30.261139,-97.759142,BARTON SPRINGS RD,JOSEPHINE ST
2009,NON-INCAPACITATING,30.302973,-97.683029,MANOR,OVERDALE
2009,POSSIBLE INJURY,30.29944213,-97.76065496,BLAND ST,MCCULLOUGH ST
2009,NON-INCAPACITATING,30.241214,-97.86141,VEGA AVE,WILLIAM CANNON DR
2009,INCAPACITATING INJURY,30.24793401,-97.73496073,E RIVERSIDE DR,IH35
2009,NON-INCAPACITATING,30.229672,-97.76022,S CONGRESS AVE,WOODWARD ST
2009,NON-INCAPACITATING,30.209422,-97.784793,COUGAR DR,W STASSNEY
2009,NON-INCAPACITATING,30.263047,-97.726557,E 6TH ST,NOT REPORTED
2009,NON-INCAPACITATING,30.24822004,-97.75022158,S CONGRESS,MONROE
2009,POSSIBLE INJURY,30.25705672,-97.74674106,E RIVERSIDE DR,S CONGRESS
2009,POSSIBLE INJURY,30.312902,-97.731705,W 46TH ST,GUADALUPE ST
2009,POSSIBLE INJURY,30.295,-97.741837,FRUTH ST,29TH ST
2009,INCAPACITATING INJURY,30.26665873,-97.75621312,B R REYNOLDS DR,W CESAR CHAVEZ ST
2009,POSSIBLE INJURY,30.298171,-97.735149,SPEEDWAY,34TH
2009,NON-INCAPACITATING,30.37118091,-97.69240438,N LAMAR BLVD,MASTERSON
2009,NON-INCAPACITATING,30.308386,-97.717356,E 48TH ST,RED RIVER ST
2009,NON-INCAPACITATING,30.26434,-97.744184,CONGRESS AVE,2ND ST
2009,INCAPACITATING INJURY,30.24690166,-97.77729299,BLUEBONNET,S LAMAR
2009,POSSIBLE INJURY,30.22758738,-97.77953192,BANISTER LN,W BEN WHITE
2009,INCAPACITATING INJURY,30.27726401,-97.70059443,AIRPORT BLVD,E 12TH ST
2009,NON-INCAPACITATING,30.25914568,-97.75904437,S LAMAR BLVD,BARTON SPRINGS RD
2009,NON-INCAPACITATING,0,0,FM0620,NOT REPORTED
2009,NON-INCAPACITATING,30.37311645,-97.74977416,STECK AVE,GREENSLOPE
2009,POSSIBLE INJURY,30.328829,-97.715842,HIGHLAND MALL BLVD,AIRPORT BLVD
2009,NON-INCAPACITATING,30.316274,-97.75457,BALL CREEK RD,JACKSON AVE
2009,POSSIBLE INJURY,30.23376771,-97.74117081,IH35,E OLTORF ST
2009,FATAL,30.21841374,-97.66869818,SH0071,THORNBERRY RD
2009,POSSIBLE INJURY,30.24822004,-97.75022158,S CONGRESS AVE,MONROE ST
2009,NON-INCAPACITATING,30.207815,-97.869452,BECKETT RD,DAVIS LN
2009,POSSIBLE INJURY,30.41686601,-97.74071901,DUVAL RD,ANUUS RD
2009,NON-INCAPACITATING,30.220815,-97.794047,JONES RD,MANCHACA RD
2009,NON-INCAPACITATING,30.291069,-97.727149,RED RIVER ST,E 32ND ST
2009,INCAPACITATING INJURY,30.24681842,-97.73252242,E RIVERSIDE,IH35
2009,NON-INCAPACITATING,30.289758,-97.741429,GUADALUPE,W DEAN KEATON
2009,POSSIBLE INJURY,30.306455,-97.735831,41ST,GUADALUPE ST
2009,NON-INCAPACITATING,30.306435,-97.74571301,W 38TH,SHOAL CREEK BLVD
2009,NON-INCAPACITATING,30.314949,-97.736667,N LAMAR,SUNSHINE
2009,POSSIBLE INJURY,0,0,IH35,NOT REPORTED
2009,NON-INCAPACITATING,30.197095,-97.777149,S CONGRESS AVE,CIRCLE S RD
2009,NON-INCAPACITATING,30.268421,-97.747714,W 5TH ST,NUBCES ST
2009,NON-INCAPACITATING,30.24690166,-97.77729299,S LAMAR BLVD,BLUEBONNETT LN
2009,POSSIBLE INJURY,30.25931248,-97.74611283,CONGRESS AVE,BARTON SPRINGS RD
2009,NON-INCAPACITATING,30.32755449,-97.7490119,HANCOCK DR,BULL CREEK RD
2009,POSSIBLE INJURY,30.23746216,-97.76260541,S 1ST,NOT REPORTED
2009,NON-INCAPACITATING,30.42478415,-97.75024785,RESEARCH BLVD,NOT REPORTED
2009,POSSIBLE INJURY,30.30681202,-97.74349199,MEDICAL PKWY,NOT REPORTED
2009,NON-INCAPACITATING,30.400656,-97.748905,JOLLYVILLE RD,MORADO CIR
2009,NON-INCAPACITATING,0,0,E DEAN KEATON,HARRIS
2009,POSSIBLE INJURY,30.265274,-97.747715,W 2ND ST,GUADALUPE ST
2009,NON-INCAPACITATING,30.277853,-97.754173,W 12TH,BLANCO ST
2009,POSSIBLE INJURY,30.289546,-97.736806,E DEAN KEATON,SPEEDWAY ST
2009,NON-INCAPACITATING,30.265789,-97.7346377,IH35,E 6TH ST
2009,POSSIBLE INJURY,30.268421,-97.747714,W 5TH ST,NOT REPORTED
2009,POSSIBLE INJURY,30.274356,-97.742385,COLORADO ST,W 14TH ST
2009,NON-INCAPACITATING,30.24843338,-97.76998632,W OLTORF ST,S LAMAR BLVD
2009,NON-INCAPACITATING,30.18631468,-97.71570958,MCKINNEY FALLS PKWY,BURLESON RD
2009,POSSIBLE INJURY,30.327619,-97.749152,HANCOCK DR,BULL CREEK RD
2009,NOT INJURED,30.286312,-97.706359,AIRPORT BLVD,MANOR RD
2009,NON-INCAPACITATING,30.39883095,-97.73952058,STONELAKE BLVD,W BRAKER LN
2009,NON-INCAPACITATING,30.30645502,-97.73583099,GUADALUPE ST,NOT REPORTED
2009,INCAPACITATING INJURY,30.28413733,-97.74191823,GUADALUPE ST,W 21ST
2009,NON-INCAPACITATING,30.284474,-97.718184,MANOR RD,CHESTNUT
2009,POSSIBLE INJURY,30.296343,-97.736253,SPEEDWAY,E 32ND ST
2009,NON-INCAPACITATING,30.278497,-97.745154,NUECES ST,W 15TH ST
2009,NON-INCAPACITATING,30.299363,-97.734371,SPEEDWAY,E 35TH ST
2009,POSSIBLE INJURY,30.28919639,-97.74453491,RIO GRANDE ST,W 13 12 ST
2009,NON-INCAPACITATING,30.27140146,-97.7540549,N LAMAR BLVD,6TH ST
2010,POSSIBLE INJURY,30.323309,-97.733994,W NORTH LOOP BLVD,GROVER AVE
2010,POSSIBLE INJURY,30.235545,-97.756347,CUMBERLAND RD,S CONGRESS AVE
2010,NON-INCAPACITATING,30.343937,-97.714924,N LAMAR BLVD,MORROW ST
2010,NON-INCAPACITATING,30.296503,-97.742104,GUADALUPE ST,W 30TH ST
2010,POSSIBLE INJURY,30.323309,-97.733994,W NORTH LOOP BLVD,GROVER AVE
2009,NON-INCAPACITATING,30.241769,-97.728315,E RIVERSIDE DR,ROYAL CREST
2010,NON-INCAPACITATING,30.26036419,-97.75869747,SL0343,N BARTON SPRINGS RD
2010,INCAPACITATING INJURY,30.45808371,-97.82305265,FM0620,N EL SALIDO PKWY PKWY
2010,NON-INCAPACITATING,30.280294,-97.736771,E MARTIN LUTHER KING JR BLVD,BRAZOS ST
2010,POSSIBLE INJURY,30.35533624,-97.79348984,SL0360,FM2222
2010,INCAPACITATING INJURY,30.451197,-97.805916,HARD ROCK RD,RUST RD
2010,NON-INCAPACITATING,30.26183897,-97.73884994,RED RIVER ST,E CESAR CHAVEZ ST
2010,NON-INCAPACITATING,30.2300227,-97.7883076,SL0343,FM2304
2010,INCAPACITATING INJURY,30.28608733,-97.68058724,E MARTIN LUTHER KING BLVD,SPRINGDALE RD
2010,NON-INCAPACITATING,30.335682,-97.720169,N LAMAR BLVD,JUSTIN LN
2010,NON-INCAPACITATING,30.285853,-97.682632,SPRINGDALE RD,E MARTIN LUTHER KING JR BLVD
2010,POSSIBLE INJURY,30.26243519,-97.75795421,S LAMAR BLVD,BUTLER RD
2009,INCAPACITATING INJURY,30.239764,-97.782282,MANCHACA RD,EDGEWARE DR
2010,NON-INCAPACITATING,30.26340678,-97.74453809,E CESAR CHAVEZ ST,N CONGRESS ST
2010,NON-INCAPACITATING,30.22037,-97.765519,S CONGRESS AVE,INDUSTRIAL BLVD
2010,NON-INCAPACITATING,30.26060502,-97.74563783,S CONGRESS BLVD,E RIVERSIDE DR
2010,NON-INCAPACITATING,30.238801,-97.753558,S CONGRESS AVE,E OLTORF ST
2010,NON-INCAPACITATING,30.292693,-97.733631,E 31ST,DUVAL ST
2010,NON-INCAPACITATING,30.238177,-97.788599,VICTORY DR,PANTHER TRL
2010,INCAPACITATING INJURY,30.247002,-97.757825,W MARY ST,S 2ND ST
2010,NON-INCAPACITATING,30.227051,-97.70799,GROVE BLVD,E RIVERSIDE DR
2010,NON-INCAPACITATING,30.2909911,-97.73468621,DUVAL ST,SAN JACINTO BLVD
2010,NON-INCAPACITATING,30.325602,-97.744965,SHOAL CREEK BLVD,HANCOCK DR
2010,NON-INCAPACITATING,30.26011,-97.709459,E 7TH ST,N PLEASANT VALLEY RD
2010,NON-INCAPACITATING,30.283955,-97.744049,NUECES ST,W 21 ST
2010,NON-INCAPACITATING,30.28165434,-97.74178079,W MARTIN LUTHER KING JR BLVD,GUADALUPE ST
2010,NON-INCAPACITATING,30.2416856,-97.75993792,S 1ST,W OLTORF ST
2010,INCAPACITATING INJURY,30.36115608,-97.68620164,IH35,SHOWPLACE LN
2010,NON-INCAPACITATING,30.269903,-97.742171,W 8TH ST,COLORADO ST
2010,POSSIBLE INJURY,30.25678022,-97.74702544,S CONGRESS ST,E RIVERSIDE DR
2010,POSSIBLE INJURY,30.2823,-97.74208,GUADALUPE ST,W M L K JR ST
2010,INCAPACITATING INJURY,30.27182869,-97.73239337,IH35,E 12TH ST
2010,NON-INCAPACITATING,0,0,GUADALUPE,W 32ND ST
2010,NON-INCAPACITATING,30.258922,-97.746262,S CONGRESS AVE,BARTON SPRINGS RD
2010,NON-INCAPACITATING,30.38852386,-97.75012249,SL0360,WILDRIDGE DR
2010,NON-INCAPACITATING,30.427613,-97.760031,JOLLYVILLE RD,OAK KNOLL DR
2010,POSSIBLE INJURY,30.27961446,-97.70208927,N AIRPORT BLVD,E 16TH ST
2010,NON-INCAPACITATING,30.220815,-97.794047,FM2304,JONES RD
2010,NON-INCAPACITATING,30.36047372,-97.71669986,US0183,N FAIRFIELD DR
2010,NON-INCAPACITATING,30.27963796,-97.70210536,AIRPORT BLVD,E 16TH ST
2010,NON-INCAPACITATING,30.292693,-97.733631,RATHERVUE PL,DUVAL ST
2010,NON-INCAPACITATING,30.26299546,-97.72640996,E 6TH ST,COMAL ST
2010,POSSIBLE INJURY,30.29214076,-97.73152082,HARRIS PARK AVE,SPARKS AVE
2010,NON-INCAPACITATING,30.29503357,-97.78371092,LAKE AUSTIN BLVD,ENFIELD RD
2010,NON-INCAPACITATING,30.2633928,-97.73553733,IH35,E 4TH ST
2010,POSSIBLE INJURY,30.24764735,-97.77280455,S LAMAR BLVD,KINNEY RD
2010,POSSIBLE INJURY,30.19840403,-97.76413594,IH35,E STASSNEY LN
2010,INCAPACITATING INJURY,30.268058,-97.742841,CONGRESS AVE,W 6TH ST
2010,NON-INCAPACITATING,30.25035734,-97.74942284,S CONGRESS AVE,W JAMES ST
2010,NON-INCAPACITATING,30.268995,-97.74251,E 7TH ST,N CONGRESS AVE
2010,NON-INCAPACITATING,30.308511,-97.677134,S ADALEE AVE,E VERNON AVE
2010,POSSIBLE INJURY,30.264401,-97.748069,GUADALUPE ST,W 1ST
2010,NON-INCAPACITATING,30.245193,-97.75132,S CONGRESS AVE,W MARY ST
2010,NON-INCAPACITATING,30.283955,-97.744049,NUECES ST,W 21ST
2010,NON-INCAPACITATING,30.23398543,-97.87169464,BEN WHITE,HILL OAKS DR
2010,NON-INCAPACITATING,30.2105248,-97.80364659,MANCHACA RD,BERKETT DR
2010,NON-INCAPACITATING,0,0,SL0343,BLUENONNET LN
2010,INCAPACITATING INJURY,30.354063,-97.760183,NORTH HILLS DR,THORNCLIFF DR
2010,NON-INCAPACITATING,30.35442,-97.755061,FAR WEST BLVD,VILLAGE CENTER DR
2010,NON-INCAPACITATING,30.25153048,-97.7489814,S CONGRESS AVE,THE CIRCLE
2010,NON-INCAPACITATING,30.33672,-97.719555,N LAMAR BLVD,JUSTIN LN
2010,NON-INCAPACITATING,30.27883,-97.74624,W 15TH ST,RIO GRANDE ST
2010,NON-INCAPACITATING,0,0,SH0071,JAMES CASEY ST
2010,NON-INCAPACITATING,30.25247382,-97.74863252,S CONGRESS AVE,NELLIE ST
2010,NON-INCAPACITATING,30.294352,-97.737489,UNIVERSITY AVE,E 30TH ST
2010,NON-INCAPACITATING,30.294352,-97.737489,UNIVERSITY AVE,E 30TH ST
2010,NON-INCAPACITATING,30.16723034,-97.78859654,W SLAUGHTER LN,S CONGRESS AVE
2010,NON-INCAPACITATING,30.27686532,-97.70034249,AIRPORT BLVD,E 12TH ST
2010,NON-INCAPACITATING,0,0,BEN WHITE,RUSSELL DR
2010,INCAPACITATING INJURY,0,0,N N PLEASANT VALLEY RD,E CHESTNUT AVE
2010,INCAPACITATING INJURY,30.26055538,-97.73664654,S DRISKILL ST,IH35
2010,NON-INCAPACITATING,30.283823,-97.741946,GUADALUPE ST,W 21ST
2010,POSSIBLE INJURY,30.42815511,-97.7454211,RIATA TRACE PKWY,ALAMEDA TRACE CIR
2010,POSSIBLE INJURY,0,0,PEWTER LN,CEDARGROVE DR
2010,NON-INCAPACITATING,30.2057019,-97.7581327,IH35,TERI RD
2010,NON-INCAPACITATING,30.25560948,-97.74747523,S CONGRESS AVE,E RIVERSIDE DR
2010,POSSIBLE INJURY,30.301167,-97.745748,N LAMAR BLVD,W 32ND ST
2010,POSSIBLE INJURY,30.23303682,-97.72018589,WICKERSHAM LN,E RIVERSIDE DR
2010,NON-INCAPACITATING,30.288461,-97.75150201,W 24TH ST,SL0343
2010,NON-INCAPACITATING,30.26766756,-97.75585104,B R REYNOLDS DR,CESAR CHAVEZ ST
2010,POSSIBLE INJURY,30.307099,-97.747637,W 38TH ST,SHOAL CREEK BLVD
2010,INCAPACITATING INJURY,30.32491326,-97.72221225,GUADALUPE ST,DENSON RD
2010,NON-INCAPACITATING,30.275408,-97.716185,CHESTNUT AVE,E 13TH ST
2010,POSSIBLE INJURY,30.36316179,-97.6969604,N LAMAR BLVD,RUTLAND DR
2010,NON-INCAPACITATING,30.23305718,-97.71660083,CROSSING PL,E RIVERSIDE DR
2010,POSSIBLE INJURY,30.152676,-97.856914,GATLING GUN LN,BRODIE LN
2010,NON-INCAPACITATING,30.258523,-97.700081,SPRINGDALE RD,GLISSMAN RD
2010,POSSIBLE INJURY,30.193455,-97.78006,WILLIAM CANNON DR,STARSTREAK DR
2010,NON-INCAPACITATING,30.28485179,-97.66557664,US0183,MARTIN LUTHER KING BLVD
2010,POSSIBLE INJURY,30.268871,-97.724315,ROSEWOOD AVE,ANGELINA ST
2010,NON-INCAPACITATING,30.41832892,-97.70090007,FM0734,TOMANET TRL
2010,FATAL,30.21642876,-97.75132751,IH35,SH0071
2010,NON-INCAPACITATING,30.362251,-97.710101,PARK FIELD DR,PAYTON GIN RD
2010,INCAPACITATING INJURY,30.27997069,-97.70232345,AIRPORT BLVD,E 16TH ST
2010,NON-INCAPACITATING,30.225753,-97.702919,MONTOPOLIS DR,KASPER ST
2010,NON-INCAPACITATING,30.264746,-97.764966,BARTON SPRINGS RD,ROBERT E LEE RD
2010,NON-INCAPACITATING,30.29391575,-97.73516966,WALLING DR,E 31ST
2010,NON-INCAPACITATING,30.315141,-97.721703,E 51ST,AVENUE G
2010,NON-INCAPACITATING,30.288412,-97.729093,E DEAN KEETON ST,MEDICAL ARTS ST
2010,POSSIBLE INJURY,30.26837547,-97.74756431,W 5TH ST,N SAN ANTONIO ST
2010,NON-INCAPACITATING,30.372336,-97.74794,SUMMERWOOD DR,STECK AVE
2010,NON-INCAPACITATING,30.32067654,-97.7128775,AIRPORT BLVD,E KOENIG LN
2010,INCAPACITATING INJURY,30.27098831,-97.69712876,AIRPORT BLVD,GUNTER ST
2010,INCAPACITATING INJURY,30.32756276,-97.81118917,SL0360,WAYMAKER WAY
2010,POSSIBLE INJURY,30.230576,-97.721147,WICKERSHAM LN,CROMWELL CIR
2010,NOT INJURED,30.273815,-97.679268,ELANOR ST,HUDSON ST
2010,NON-INCAPACITATING,30.18518372,-97.8532724,W SLAUGHTER LN,WOLFTRAP DR
2010,NON-INCAPACITATING,30.25742418,-97.70131819,GONZALES ST,SPRINGDALE RD
2010,POSSIBLE INJURY,0,0,US0183,W OAK KNOLL RD
2010,INCAPACITATING INJURY,0,0,SL0275,W CRESTLAND DR
2010,NON-INCAPACITATING,30.20132538,-97.78722954,EBERHART LN,MIDDLEHAM PL
2010,NON-INCAPACITATING,30.30070118,-97.67323911,ROGGE LN,SPRINGDALE RD
2010,NON-INCAPACITATING,30.261932,-97.761517,BARTON SPRINGS RD,KINNEY AVE
2010,INCAPACITATING INJURY,30.28287831,-97.70191938,E MARTIN LUTHER KING BLVD,TILLERY ST
2010,NON-INCAPACITATING,30.23615997,-97.76342764,S 1ST,SACRAMENTO DR
2010,NON-INCAPACITATING,30.17429121,-97.79334077,RALPH ABLANEDO DR,FRANCIA DR
2010,NON-INCAPACITATING,30.26606451,-97.71398951,NORTHWESTERN AVE,E 10TH ST
2010,NON-INCAPACITATING,30.19942058,-97.76534802,E STASSNEY LN,IH35
2010,NON-INCAPACITATING,30.26722435,-97.74704623,W 4TH ST,GUADALUPE ST
2010,NON-INCAPACITATING,30.25772302,-97.72638697,E CESAR CHAVEZ ST,CHALMERS AVE
2010,NON-INCAPACITATING,30.18875969,-97.8812727,DAHLGREEN AVE,GALSWORTHY LN
2010,NON-INCAPACITATING,30.229672,-97.76022,S CONGRESS AVE,WOODWARD ST
2010,NON-INCAPACITATING,30.190803,-97.845301,SILK OAK DR,BRODIE LN
2010,INCAPACITATING INJURY,30.30259665,-97.71480018,IH35,FERNWOOD RD
2010,NON-INCAPACITATING,30.19642521,-97.78830024,S 1ST,WILLIAM CANNON DR
2010,NON-INCAPACITATING,30.25894,-97.714647,E 6TH ST,PEDERNALES ST
2010,POSSIBLE INJURY,30.267684,-97.741476,E 6TH ST,N BRAZOS ST
2010,NON-INCAPACITATING,30.283235,-97.776787,LAKE AUSTIN BLVD,EXPOSITION BLVD
2010,INCAPACITATING INJURY,30.3682119,-97.74248522,STECK AVE,SL0001
2010,NON-INCAPACITATING,30.302781,-97.738115,GUADALUPE ST,W 38TH ST
2010,POSSIBLE INJURY,30.31674891,-97.69095523,BERKMAN DR,GLENCREST DR
2010,INCAPACITATING INJURY,30.157871,-97.843627,MASON DELLS LN,CHATAM BERRY LN
2010,POSSIBLE INJURY,30.26413832,-97.73526403,IH35,E 4TH ST
2010,NON-INCAPACITATING,30.26577865,-97.73458287,E 6TH ST,IH35
2010,NON-INCAPACITATING,30.264194,-97.721352,CHICON ST,E 9TH ST
2010,NON-INCAPACITATING,30.263965,-97.72612199,E 7TH STREET ST,S COMAL STREET ST
2010,POSSIBLE INJURY,30.26904906,-97.74638541,W 6TH ST,GUADALUPE ST
2010,NON-INCAPACITATING,30.231103,-97.759321,S CONGRESS AVE,COLEMAN ST
2010,NON-INCAPACITATING,30.21424079,-97.79500262,KINGS HWY,W STASSNEY LN
2010,NON-INCAPACITATING,30.25825485,-97.73311891,CANTERBURY ST,WALLER ST
2010,POSSIBLE INJURY,30.26581525,-97.73462849,IH35,E 6TH ST
2010,NON-INCAPACITATING,30.24502517,-97.7156181,S PLEASANT VALLEY RD,LAKESHORE BLVD
2010,POSSIBLE INJURY,30.296599,-97.731243,DUVAL ST,E 34TH ST
2010,POSSIBLE INJURY,30.266029,-97.732116,E 7TH ST,SAN MARCOS ST
2010,POSSIBLE INJURY,30.23864726,-97.75369091,S CONGRESS AVE,E OLTORF ST
2010,NON-INCAPACITATING,30.194325,-97.843057,S BRODIE LN,E DEER LN
2010,POSSIBLE INJURY,30.410028,-97.747569,JOLLYVILLE RD,TAYLOR DRAPER LN
2010,INCAPACITATING INJURY,30.35270466,-97.73294764,BURNET RD,NORTHCROSS DR
2010,POSSIBLE INJURY,30.27171784,-97.75390264,N LAMAR BLVD,W 6TH ST
2010,NON-INCAPACITATING,30.265281,-97.743859,N CONGRESS AVE,W 3RD ST
2010,NON-INCAPACITATING,30.289243,-97.732796,E DEAN KEETON ST,PARK PL
2010,NON-INCAPACITATING,30.269236,-97.739693,E 8TH ST,SAN JACINTO BLVD
2010,NON-INCAPACITATING,30.26567265,-97.73467852,IH35,E CESAR CHAVEZ ST
2010,NON-INCAPACITATING,0,0,FM0734,BRUSHY CREEK RD
2010,INCAPACITATING INJURY,30.2814679,-97.71087812,E MARTIN LUTHER KING JR BLVD,MIRIAM AVE
2010,NON-INCAPACITATING,30.183535,-97.849956,S BRODIE LN,W SLAUGHTER LN
2010,NON-INCAPACITATING,30.32591546,-97.72633158,N LAMAR BLVD,KOENIG LN
2010,NON-INCAPACITATING,30.22049096,-97.76544439,S CONGRESS AVE,INDUSTRIAL BLVD
2010,NON-INCAPACITATING,30.35087078,-97.70910733,N LAMAR BLVD,MEADOW LARK ST
2010,NON-INCAPACITATING,30.26555438,-97.76913315,ANDREW ZILKER RD,BARTON SPRINGS RD
2010,INCAPACITATING INJURY,30.30211719,-97.6966637,E 51ST,BERKMAN DR
2010,NON-INCAPACITATING,30.29790412,-97.7412849,GUADALUPE ST,W 31ST
2010,NON-INCAPACITATING,30.16430602,-97.82987254,FM2304,OLD MANCHACA RD
2010,POSSIBLE INJURY,30.41729,-97.750028,JOLLYVILLE RD,DOVAL RD
2010,NON-INCAPACITATING,30.24698634,-97.77699154,S LAMAR BLVD,BLUEBONNET LN
2010,NON-INCAPACITATING,30.41061229,-97.68510355,FM0734,WILLOWILD DR
2010,NON-INCAPACITATING,0,0,S S CONGRESS AVE,E MILTON ST
2010,INCAPACITATING INJURY,30.26199068,-97.73552555,E 2ND ST,IH35
2010,NON-INCAPACITATING,30.280638,-97.738135,W MARTIN LUTHER KING BLVD,CONGRESS AVE
2010,NON-INCAPACITATING,30.289546,-97.736806,E DEAN KEATON ST,SPEEDWAY
2010,NON-INCAPACITATING,30.172495,-97.79965,W SLAUGHTER LN,S 1ST
2010,NON-INCAPACITATING,30.17368123,-97.82382132,W SLAUGHTER LN,MANCHACA RD
2010,NON-INCAPACITATING,30.308239,-97.727426,AVE F,E 45TH ST
2010,NON-INCAPACITATING,0,0,E MLK BLVD,S SAN JACINTO BLVD
2010,POSSIBLE INJURY,30.41729,-97.750028,JOLLYVILLE RD,DUVAL RD
2010,POSSIBLE INJURY,30.3883753,-97.75205567,SH0360,ARBORETUM BLVD
2010,FATAL,30.345875,-97.67755,CAMERON RD,FERGUSON LN
2010,NON-INCAPACITATING,30.269977,-97.745957,W 7TH ST,GUADALUPE ST
2010,INCAPACITATING INJURY,30.202005,-97.838123,BRODIE LN,DUNLIEGH DR
2010,NON-INCAPACITATING,30.272426,-97.735034,E 12TH STREET ST,RED RIVER
2010,NON-INCAPACITATING,30.257234,-97.700898,SPRINGDALE RD,GONZALES ST
2010,POSSIBLE INJURY,30.388733,-97.710365,KRAMER LN,METRIC BLVD
2010,POSSIBLE INJURY,30.283232,-97.747185,W MARTIN LUTHER KING JR BLVD,PEARL ST
2010,NON-INCAPACITATING,30.40258169,-97.70142977,METRIC BLVD,BITTERN
2010,POSSIBLE INJURY,30.36401912,-97.71776965,US0183,PAYTON GIN RD
2010,INCAPACITATING INJURY,30.19622961,-97.73696246,NUCKOLS CROSSING RD,TERI RD
2010,NON-INCAPACITATING,30.25516301,-97.75201075,S 1ST,BARTON SPRINGS RD
2010,NON-INCAPACITATING,30.26567265,-97.73467852,IH35,E CESAR CHAVEZ ST
2010,NON-INCAPACITATING,0,0,SL0001,LIBERTY PARK DR
2010,NON-INCAPACITATING,30.26636895,-97.74078206,SAN JACINTO ST,E 5TH ST
2010,POSSIBLE INJURY,30.26646139,-97.74078322,E 5TH ST,SAN JACINTO BLVD
2010,NON-INCAPACITATING,30.236749,-97.763047,S 1ST,EL PASO ST
2010,INCAPACITATING INJURY,30.1797883,-97.74725915,E WILLIAM CANNON DR,S PLEASANT VALLEY RD
2010,INCAPACITATING INJURY,30.21798711,-97.77483629,S 1ST,CLOVER CT
2010,POSSIBLE INJURY,30.44585885,-97.77909376,POND SPRINGS RD,TURTLE ROCH RD
2010,NON-INCAPACITATING,30.255237,-97.707134,TILLERY ST,E 5TH ST
2010,NON-INCAPACITATING,30.27527361,-97.74634791,NUECES ST,W 12TH ST
2010,NON-INCAPACITATING,30.42456241,-97.71353556,AMHERST DR,W PARMER LN
2010,POSSIBLE INJURY,30.20866058,-97.78137516,S 1ST S ST,W STASSNEY LN
2010,POSSIBLE INJURY,30.40375995,-97.8539782,FM0620,FM2222
2010,NON-INCAPACITATING,30.36522356,-97.71638845,PAYTON GIN RD,GALEWOOD DR
2010,POSSIBLE INJURY,30.259716,-97.749325,S 1ST,W RIVERSIDE DR
2011,POSSIBLE INJURY,30.21151,-97.789372,W STASSNEY LN,GOBI DR
2011,NON-INCAPACITATING,30.26584253,-97.74226688,E 4TH ST,BRAZOS ST
2011,NON-INCAPACITATING,30.286036,-97.708015,MANOR RD,BANTON RD
2009,NON-INCAPACITATING,30.272151,-97.730168,12TH,OLANDER
2011,NON-INCAPACITATING,30.304883,-97.719607,RED RIVER ST,E 45TH ST
2011,POSSIBLE INJURY,30.32212067,-97.70681763,IH35,E KOENIG LN
2011,POSSIBLE INJURY,30.311207,-97.713394,E 51ST,BENNETT AVE
2011,NON-INCAPACITATING,30.30411394,-97.69931037,E 51ST,BERKMAN DR
2011,POSSIBLE INJURY,30.44395241,-97.74238543,MCNEIL DR,W PARMER LN
2011,POSSIBLE INJURY,30.23727893,-97.75488479,S CONGRESS ST,E OHART ST
2010,NOT INJURED,30.369263,-97.70556,PARKFIELD DR,RUTLAND DR
2010,NON-INCAPACITATING,0,0,FM0969,BUNDYHILL DR
2011,NON-INCAPACITATING,30.442203,-97.804229,SPICEWOOD PKWY,TIN CUP DR
2011,NON-INCAPACITATING,30.228085,-97.761177,S CONGRESS AVE,W ALPINE RD
2011,NON-INCAPACITATING,30.22703766,-97.70796229,E RIVERSIDE DR,GROVE BLVD
2011,NON-INCAPACITATING,30.232516,-97.758431,S CONGRESS AVE,LAVISTA ST
2011,NON-INCAPACITATING,30.23771,-97.725735,WILLOW CREEK DR,E RIVERSIDE DR
2011,NON-INCAPACITATING,30.241769,-97.728315,ROYAL CREST DR,E RIVERSIDE DR
2011,POSSIBLE INJURY,30.293177,-97.736023,E 30TH ST,SPEEDWAY
2011,INCAPACITATING INJURY,30.231784,-97.758892,S CONGRES AVE,HAVANA ST
2011,NON-INCAPACITATING,30.37746665,-97.75345047,MESA DR,CIERIA SERENA
2011,POSSIBLE INJURY,30.285263,-97.744949,RIO GRANDE ST,W 22ND ST
2011,NON-INCAPACITATING,30.400656,-97.748905,N JOLLYVILLE RD,W BRAKER LN
2011,NON-INCAPACITATING,30.456333,-97.804608,MILLWRIGHT PKWY,LAKE CREEK PKWY
2010,NON-INCAPACITATING,30.27227,-97.735087,E 12TH ST,RED RIVER ST
2010,NON-INCAPACITATING,30.23415935,-97.86457491,BEN WHITE,WILLIAM CANNON DR
2010,POSSIBLE INJURY,30.283466,-97.717957,CHESTNUT AVE,E 22ND ST
2010,INCAPACITATING INJURY,30.262558,-97.72212,CHICON,E 7TH ST
2010,INCAPACITATING INJURY,30.274024,-97.690157,LEDESMA RD,SPRINGDALE RD
2011,POSSIBLE INJURY,30.179277,-97.841156,WEST GATE BLVD,W SLAUGHTER LN
2011,NON-INCAPACITATING,30.25549266,-97.74751825,CONGRESS AVE,BARTON SPRINGS RD
2011,NON-INCAPACITATING,30.362971,-97.66852,DESSAU RD,E APPLEGATE DR
2011,INCAPACITATING INJURY,30.3319361,-97.74005953,BURNET RD,NORTHLAND DR
2011,NON-INCAPACITATING,0,0,W MLK JR BLVD,NUECES ST
2010,POSSIBLE INJURY,30.400656,-97.748905,JOLLYVILLE RD,W BRAKER LN
2010,NON-INCAPACITATING,30.319794,-97.739182,W 49TH ST,BURNET RD
2011,NON-INCAPACITATING,30.224301,-97.7631,S CONGRESS AVE,DUNLAP ST
2011,NON-INCAPACITATING,0,0,E 38 12 ST,LAFAYETTE AVE
2011,NON-INCAPACITATING,30.40700472,-97.69739005,METRIC BLVD,CEDAR BEND DR
2011,NON-INCAPACITATING,30.2588995,-97.75164935,BARTON SPRINGS RD,S 1ST
2011,POSSIBLE INJURY,30.26031,-97.755755,DAWSON RD,BARTON SPRINGS RD
2011,NON-INCAPACITATING,0,0,W ML KING JR BLVD,CONGRESS AVE
2011,NON-INCAPACITATING,30.2005393,-97.87848677,ESCARPMENT BLVD,W SLAUGHTER LN
2011,NON-INCAPACITATING,30.2852,-97.772217,WAYSIDE DR,MARLTON DR
2011,NON-INCAPACITATING,30.26640639,-97.75551661,SANDRA MURAIDA WAY,W CESAR CHAVEZ BLVD
2011,NON-INCAPACITATING,30.269903,-97.742171,N CONGRESS AVE,W 8TH ST
2010,NOT INJURED,30.33496223,-97.80642514,SL0360,WESTLAKE DR
2011,NON-INCAPACITATING,30.25843104,-97.75031137,BARTON SPRINGS RD,S 1ST
2011,POSSIBLE INJURY,30.26722864,-97.73693569,RED RIVER ST,E 7TH ST
2011,NON-INCAPACITATING,30.26650223,-97.73359931,E 7TH ST,IH35
2011,NON-INCAPACITATING,30.15388388,-97.74267338,FALL MEADOW LN,DOYAL DR
2011,NON-INCAPACITATING,30.383271,-97.765925,SPICEWOOD SPRINGS RD,ADIRONDACK TRL
2011,NON-INCAPACITATING,30.27634431,-97.7653209,W 6TH ST,AUGUSTA AVE
2011,NON-INCAPACITATING,30.302728,-97.744748,N LAMAR BLVD,W 34TH ST
2011,POSSIBLE INJURY,30.35087078,-97.70910733,N LAMAR BLVD,W POWELL LN
2011,NON-INCAPACITATING,30.410714,-97.695563,METRIC BLVD,LAMPLIGHT VILLAGE AVE
2011,INCAPACITATING INJURY,30.26687867,-97.74589621,LAVACA ST,W 4TH ST
2011,NON-INCAPACITATING,30.26422262,-97.73299927,E 5TH ST,SAN MARCOS ST
2011,NON-INCAPACITATING,30.266052,-97.768677,BARTON SPRING RD,ANDREW ZILKER RD
2011,NOT INJURED,30.291548,-97.771466,EXPOSITION BLVD,BRIDLE
2011,NON-INCAPACITATING,30.35248796,-97.79530535,SL0360,W COURTYARD DR
2011,POSSIBLE INJURY,30.24982,-97.74962,S CONGRESS AVE,E GIBSON ST
2011,NON-INCAPACITATING,30.268707,-97.727965,E 11TH ST,LYDIA ST
2011,POSSIBLE INJURY,30.265534,-97.741097,E 4TH ST,SAN JACINTO ST
2011,POSSIBLE INJURY,30.22037,-97.765519,S CONGRESS AVE,INDUSTRIAL BLVD
2011,NON-INCAPACITATING,30.274808,-97.720138,CHICON ST,E 13TH ST
2011,NON-INCAPACITATING,30.240316,-97.743849,TRAVIS HEIGHTS BLVD,MARIPOSA DR
2011,INCAPACITATING INJURY,30.36555709,-97.71815341,US0183,PAYTON GIN RD
2011,POSSIBLE INJURY,30.360943,-97.740907,W ANDERSON LN,SHOAL CREEK BLVD
2011,INCAPACITATING INJURY,0,0,FM1325,PRIVATE DR
2011,NON-INCAPACITATING,30.265392,-97.74767337,GUADALUPE ST,W 2ND ST
2011,NON-INCAPACITATING,30.35425507,-97.74639331,GREAT NORTHERN BLVD,PINECREST DR
2011,POSSIBLE INJURY,30.24690166,-97.77729299,S LAMAR BLVD,BLUEBONNET LN
2011,NON-INCAPACITATING,30.220815,-97.794047,MANCHACA RD,JONES RD
2011,POSSIBLE INJURY,30.39882169,-97.7042005,METRIC BLVD,GRACY FARMS LN
2011,NON-INCAPACITATING,30.20449409,-97.83023907,CLYDESDALE DR,HARPERS FERRY LN
2011,POSSIBLE INJURY,30.37044143,-97.656512,N SPRINKLE CUTOFF RD,TRAIL WEARY DR
2011,FATAL,30.2389991,-97.78881522,S LAMAR BLVD,PANTHER TRL
2011,POSSIBLE INJURY,30.24246,-97.753723,W LIVE OAK ST,EVA ST
2011,NON-INCAPACITATING,30.26340678,-97.74453809,CONGRESS AVE,W CESAR CHAVEZ ST
2011,NON-INCAPACITATING,30.257171,-97.746878,W RIVERSIDE DR,S CONGRESS AVE
2011,POSSIBLE INJURY,30.188478,-97.892973,ESCARPMENT BLVD,BACK BAY LN
2011,NON-INCAPACITATING,30.30657199,-97.76961392,PECOS ST,RIVER RD
2011,NON-INCAPACITATING,30.235397,-97.696782,MONTOPOLIS DR,FELIX AVE
2011,NON-INCAPACITATING,30.2549487,-97.76217804,S LAMAR BLVD,GIBSON ST
2011,NON-INCAPACITATING,30.299363,-97.734371,SPEEDWAY,W 35TH ST
2011,POSSIBLE INJURY,30.173744,-97.794943,SHEP ST,SWANSON LN
2011,NON-INCAPACITATING,30.306235,-97.718717,RED RIVER ST,E 46TH ST
2011,NON-INCAPACITATING,30.25587074,-97.74737913,S CONGRESS AVE,E RIVERSIDE DR
2011,NON-INCAPACITATING,30.26719752,-97.73412752,IH35,800 BLK E 7TH ST N ALLEY
2011,POSSIBLE INJURY,30.28040412,-97.74207135,GUADALUPE ST,W MARTIN LUTHER KING BLVD
2011,NON-INCAPACITATING,30.2664632,-97.73714476,E 6TH ST,RED RIVER ST
2011,NON-INCAPACITATING,30.311436,-97.707064,CAMERON RD,BROADMOOR DR
2011,POSSIBLE INJURY,30.20007829,-97.80750994,MATTHEWS LN,MANCHACA RD
2011,NON-INCAPACITATING,30.26841701,-97.72689874,E 11TH ST,ROSEWOOD AVE
2011,NON-INCAPACITATING,30.293886,-97.732943,DUVAL ST,E 32ND ST
2011,POSSIBLE INJURY,30.294352,-97.737489,UNIVERSITY AVE,E 30TH ST
2011,POSSIBLE INJURY,30.293177,-97.736023,SPEEDWAY,E 30TH ST
2011,INCAPACITATING INJURY,30.403168,-97.700356,BITTERN HOLLOW,METRIC BLVD
2011,NON-INCAPACITATING,30.284474,-97.718184,MANOR RD,CHESTNUT AVE
2011,POSSIBLE INJURY,0,0,SL0275,ROMERIA ST
2011,NON-INCAPACITATING,30.240903,-97.782199,FM2304,W GLEN ALLEN ST
2011,NON-INCAPACITATING,30.2649185,-97.7349431,IH35,E 5TH ST
2011,INCAPACITATING INJURY,30.31522905,-97.74132218,W 45TH ST,BURNET RD
2011,POSSIBLE INJURY,30.24697007,-97.73511647,IH35,E RIVERSIDE DR
2011,NON-INCAPACITATING,30.238827,-97.719523,S PLEASANT VALLEY RD,ELMONT DR
2011,POSSIBLE INJURY,30.25663263,-97.72333903,LYNN ST,E CESAR CHAVEZ ST
2011,NON-INCAPACITATING,30.264404,-97.73053,WALLER ST,E 6TH ST
2011,NOT INJURED,30.26656385,-97.74479069,W 4TH ST,COLORADO ST
2011,INCAPACITATING INJURY,30.19583394,-97.9067543,LA CROSSE AVE,CURAHEE DR
2011,NON-INCAPACITATING,30.263237,-97.724136,E 7TH ST,CHICON ST
2011,POSSIBLE INJURY,30.337393,-97.728458,WOODROW AVE,BRENTWOOD AVE
2011,INCAPACITATING INJURY,30.321109,-97.729374,N LAMAR BLVD,W NORTH LOOP BLVD
2011,INCAPACITATING INJURY,30.26444543,-97.75713961,S LAMAR BLVD,W RIVERSIDE DR
2011,NON-INCAPACITATING,30.25600137,-97.74733107,S CONGRESS AVE,E RIVERSIDE DR
2011,NON-INCAPACITATING,0,0,SL0275,LONG BOW LN
2011,NOT INJURED,0,0,US0183,N METRIC BLVD
2011,NON-INCAPACITATING,30.25931248,-97.74611283,S CONGRESS AVE,BARTON SPRINGS RD
2011,NON-INCAPACITATING,30.289243,-97.732796,W DEAN KEETON ST,PARK PL
2011,INCAPACITATING INJURY,30.31234578,-97.6881387,WELLINGTON DR,GASTON PLACE DR
2011,NON-INCAPACITATING,30.26391813,-97.74434741,CONGRESS AVE,CESAR CHAVEZ ST
2011,NON-INCAPACITATING,30.30708756,-97.70976664,BARBARA JORDAN BLVD,IH35
2011,NON-INCAPACITATING,30.252291,-97.7487,S CONGRESS AVE,NELLIE ST
2011,NON-INCAPACITATING,30.19261567,-97.77726623,E WILLIAM CANNON DR,CIRCLE S DR
2011,NON-INCAPACITATING,30.32757973,-97.7397455,FM1325,FM2222
2011,NON-INCAPACITATING,30.48520009,-97.76995677,W PARMER LN,NECNAH AVE
2011,POSSIBLE INJURY,30.262588,-97.731356,E 4TH ST,WALLER ST
2011,NON-INCAPACITATING,30.34149301,-97.70257022,E ANDERSON LN,GESSNER DR
2011,NON-INCAPACITATING,30.227303,-97.773408,JAMES CASEY ST,SH0071
2011,NON-INCAPACITATING,0,0,BEN WHITE,PACKSADDLE PASS RD
2011,NON-INCAPACITATING,30.28255871,-97.77634008,LAKE AUSTIN BLVD,W 7TH ST
2011,INCAPACITATING INJURY,30.28208892,-97.70699323,SANCHEZ ST,E MARTIN LUTHER KING BLVD
2011,INCAPACITATING INJURY,30.23498884,-97.75681045,S CONGRESS AVE,CUMBERLAND RD
2010,NON-INCAPACITATING,30.33047467,-97.80934279,US0360,WEST LAKE DR
2010,NON-INCAPACITATING,30.294525,-97.742397,GUADALUPE ST,NUECES ST
2010,NON-INCAPACITATING,30.23166321,-97.79172984,SH0290,VICTORY DR
2010,NON-INCAPACITATING,30.25507185,-97.74484485,E RIVERSIDE DR,S CONGRESS AVE
2010,POSSIBLE INJURY,30.236013,-97.763513,S 1ST,SACRAMENTO
2010,NON-INCAPACITATING,30.31802838,-97.72819642,GUADALUPE ST,W 51ST
2011,INCAPACITATING INJURY,30.224983,-97.770449,S FIRST,NORMANDY RD
2011,INCAPACITATING INJURY,0,0,W RIVERSIDE DR,S S 1ST
2011,INCAPACITATING INJURY,30.31959103,-97.66740699,LANGSTON DR,BEN WHITE
2011,NON-INCAPACITATING,30.287862,-97.74366,NUECES ST,W 24TH ST
2011,NON-INCAPACITATING,30.35576481,-97.73107183,BURNETT RD,W ANDERSON LN
2011,POSSIBLE INJURY,0,0,S S CONGRESS AVE,WOODWARD ST
2011,NON-INCAPACITATING,30.22557021,-97.72905366,COLLINS CREEK DR,S PLEASANT VALLEY RD
2011,NON-INCAPACITATING,30.37458365,-97.72608007,BURNET RD,US0183
2011,POSSIBLE INJURY,30.197095,-97.777149,S CONGRESS AVE,EBERHART LN
2011,NON-INCAPACITATING,30.230001,-97.864704,WILLIAM CANNON DR,ESCARPMENT BLVD
2011,POSSIBLE INJURY,30.261195,-97.727409,E 4TH ST,COMAL ST
2011,NON-INCAPACITATING,30.321109,-97.729374,N LAMAR BLVD,W NORTH LOOP BLVD
2011,POSSIBLE INJURY,30.304708,-97.715569,E 46TH ST,HARMON AVE
2011,NON-INCAPACITATING,30.293177,-97.736023,SPEEDWAY,W 30TH ST
2011,NON-INCAPACITATING,0,0,SH0045,SH 45
2011,POSSIBLE INJURY,30.260707,-97.757852,BARTON SPRINGS RD,LEE BARTON DR
2011,NON-INCAPACITATING,30.2352541,-97.72179851,S PLEASANT VALLEY RD,E RIVERSIDE DR
2011,NON-INCAPACITATING,30.2512173,-97.74909788,S CONGRESS AVE,THE CIRCLE
2011,NON-INCAPACITATING,30.29100012,-97.73467427,N DUVAL ST,N SAN JACINTO ST
2011,INCAPACITATING INJURY,0,0,FM1325,W 46TH ST
2011,NON-INCAPACITATING,30.37730161,-97.72550688,BURNET RD,WATERFORD CENTER BLVD
2011,NON-INCAPACITATING,30.319961,-97.726983,GUADALUPE ST,W NORTH LOOP BLVD
2011,NON-INCAPACITATING,30.335649,-97.715874,GUADALUPE ST,SWANEE DR
2011,POSSIBLE INJURY,30.231653,-97.717561,CROSSING PL,E RIVERSIDE DR
2011,POSSIBLE INJURY,30.2756658,-97.74620488,NUECES ST,W 12TH ST
2011,NON-INCAPACITATING,30.319772,-97.738863,WOODROW AVE,W 49TH ST
2011,INCAPACITATING INJURY,30.280131,-97.719268,E MARTIN LUTHER KING BLVD,ALAMO ST
2011,POSSIBLE INJURY,30.203407,-97.792229,EMERALD FOREST DR,SPEER LN
2011,POSSIBLE INJURY,30.42828201,-97.78298999,SPICEWOOD SPRINGS RD,RUSTIC ROCK DR
2011,NON-INCAPACITATING,30.309993,-97.74002,N LAMAR BLVD,W 42ND ST
2011,NON-INCAPACITATING,30.442203,-97.804229,SPICEWOOD PKWY,TINCUP DR
2011,POSSIBLE INJURY,30.273165,-97.723846,E 12TH ST,COMAL ST
2011,POSSIBLE INJURY,30.339432,-97.717858,W ST JOHNS AVE,N LAMAR BLVD
2011,NON-INCAPACITATING,30.446921,-97.811916,PECAN CREEK PKWY,ANDERSOM MILL RD
2011,INCAPACITATING INJURY,30.446976,-97.810837,ANDRERSON MILL RD,CENTENNIAL TRL
2011,NON-INCAPACITATING,30.304469,-97.743602,N LAMAR BLVD,W 37TH ST
2011,INCAPACITATING INJURY,0,0,W PARMER LN,FM0620
2011,INCAPACITATING INJURY,30.289758,-97.741429,GUADALUPE ST,W DEAN KEETON ST
2011,NON-INCAPACITATING,30.27397778,-97.74326238,LAVACA ST,W 11TH ST
2011,NON-INCAPACITATING,30.257115,-97.724635,E CESAR CHAVEZ ST,CHICON ST
2011,NON-INCAPACITATING,30.41009723,-97.71681101,DUVAL RD,SL0001
2011,NON-INCAPACITATING,30.240218,-97.727052,E RIVERSIDE DR,BURTON DR
2011,NON-INCAPACITATING,30.27896683,-97.7322048,RED RIVER ST,E MARTIN LUTHER KING BLVD
2011,POSSIBLE INJURY,30.2337802,-97.74116347,IH35,E OLTORF ST
2011,NON-INCAPACITATING,30.24742957,-97.77417731,S LAMAR BLVD,GOODRICH AVE
2011,NON-INCAPACITATING,30.306539,-97.749881,W 35TH ST,CRAWFORD AVE
2011,POSSIBLE INJURY,30.26118307,-97.73645231,BEN WHITE,S 1ST
2011,POSSIBLE INJURY,30.247443,-97.759263,W MARY ST,S 3RD ST
2011,POSSIBLE INJURY,30.1751943,-97.82310311,MANCHACA DR,W SLAUGHTER LN
2011,NON-INCAPACITATING,30.219813,-97.826608,OAKDALE,BRODIE LANE
2011,NON-INCAPACITATING,30.29486901,-97.73859916,W 30TH ST,CEDAR ST
2011,POSSIBLE INJURY,30.26493778,-97.7389629,E 4TH ST,NECHES ST
2011,NON-INCAPACITATING,30.265274,-97.747715,W 2ND STREET ST,GUADALUPE ST
2011,NON-INCAPACITATING,30.25483022,-97.76225052,S LAMAR BLVD,TREADWELL ST
2011,NON-INCAPACITATING,30.27596831,-97.74728806,RIO GRANDE ST,W 12TH ST
2011,POSSIBLE INJURY,30.48986271,-97.77210717,W PARMER LN,LAKELINE BLVD
2011,FATAL,30.334546,-97.733469,ARROYO SECO,ROMERIA DR
2011,INCAPACITATING INJURY,30.178147,-97.838821,W SLAUGHTER LN,LINDSHIRE LN
2011,POSSIBLE INJURY,0,0,PONO SPRINGS RD,ANDERSON MILL RD
2011,NON-INCAPACITATING,30.25839552,-97.75020818,BARTON SPRINGS RD,S 1ST
2011,NON-INCAPACITATING,30.265534,-97.741097,SAN JACINTO BLVD,E 4TH ST
2011,INCAPACITATING INJURY,30.42795177,-97.75264417,RIATA TRACE PKWY,RESEARCH SVRD NB BLVD
2011,POSSIBLE INJURY,30.43388085,-97.66972938,IH35,KORMAN DR
2011,NON-INCAPACITATING,30.297253,-97.726776,GREENWAY,E 38TH ST
2010,NON-INCAPACITATING,30.29025286,-97.70726681,AIRPORT BLVD,ANTONE ST
2011,NON-INCAPACITATING,30.22268075,-97.76442791,W BEN WHITEB SVRD BLVD,S CONGRESS AVE
2011,INCAPACITATING INJURY,30.39203107,-97.72150953,BURNET RD,W BRAKER LN
2011,NON-INCAPACITATING,30.415718,-97.748334,JOLLYVILLE RD,THUNDER CREEK RD
2011,POSSIBLE INJURY,30.36314814,-97.69723045,W RUNDBERG LN,N LAMAR BLVD
2011,POSSIBLE INJURY,30.258514,-97.728666,COMAL ST,E CESAR CHAVEZ ST
2011,NON-INCAPACITATING,30.23395953,-97.86571724,BEN WHITE,WILLIAM CANNON DR
2011,NON-INCAPACITATING,30.233758,-97.723544,E RIVERSIDE DR,S PLEASANT VALLEY RD
2011,INCAPACITATING INJURY,30.231487,-97.735721,E OLTORF ST,BURLESON RD
2011,POSSIBLE INJURY,30.307879,-97.690011,WESTMINISTER DR,ROGGE LN
2011,NON-INCAPACITATING,30.411933,-97.723444,ASPENDALE DR,DUVAL RD
2011,POSSIBLE INJURY,30.33115985,-97.68303066,W ANDERSON LN,WOODROW AVE
2011,NON-INCAPACITATING,30.2180429,-97.75479504,US0071,S IH 35 SVRD SB
2011,NON-INCAPACITATING,30.43733149,-97.73594922,LEGENDARY DR,W PARMER LN
2011,POSSIBLE INJURY,30.25657584,-97.72309046,E CESAR CHAVEZ ST,N CHICON ST
2011,POSSIBLE INJURY,30.2712704,-97.70535797,GOODWIN AVE,WEBBERVILLE RD
2011,NON-INCAPACITATING,30.229672,-97.76022,S CONGRESS AVE,WOODWARD ST
2011,NON-INCAPACITATING,30.31065397,-97.73257918,W 45TH ST,GUADALUPE ST
2011,NON-INCAPACITATING,30.26439356,-97.74807117,W CESAR CHAVEZ ST,GUADALUPE ST
2011,NON-INCAPACITATING,30.351391,-97.758153,THORNCLIFFE DR,HART LN
2011,NON-INCAPACITATING,30.267134,-97.743163,CONGRESSS,NORTH CROSSWALK
2011,NON-INCAPACITATING,30.28861633,-97.72930463,E DEAN KEETON ST,MEDICAL ARTS ST
2011,INCAPACITATING INJURY,30.19544213,-97.72923525,FENCE,BROOK CREST RD
2011,NON-INCAPACITATING,30.23731944,-97.75112572,E OLTORF ST,EAST SIDE DR
2011,NON-INCAPACITATING,30.283823,-97.741946,GUADALUPE ST,W 21ST
2011,NON-INCAPACITATING,30.200876,-97.838822,ALEXANDRIA DR,BRODIE LN
2011,NON-INCAPACITATING,30.292014,-97.741244,GUADALUPE,W 27TH ST
2011,POSSIBLE INJURY,30.19312391,-97.7793483,WILLIAM CANNON DR,S CONGRESS AVE
2011,POSSIBLE INJURY,30.211401,-97.831961,CONVICT HILL,BRODIE LN
2011,NON-INCAPACITATING,0,0,RED RIVER,40TH ST
2011,NON-INCAPACITATING,0,0,CUMBERLANDS 1ST RD,S 1ST
2011,NON-INCAPACITATING,30.289758,-97.741429,GUADALUPE ST,W DEAN KEETON ST
2011,NON-INCAPACITATING,0,0,E 95TH ST,DUVAL ST
2011,NON-INCAPACITATING,0,0,S MOPAC NB EXPY,E L S MOPAC
2011,NON-INCAPACITATING,30.28081275,-97.64800843,FM0969,SENDERO HILLS PKWY
2011,NON-INCAPACITATING,30.275653,-97.708216,E 12TH ST,ALEXANDER AVE
2011,NON-INCAPACITATING,30.268058,-97.742841,N CONGRESS AVE,E CONGRESS AVE
2011,NON-INCAPACITATING,30.225628,-97.80386,WEST GATE BLVD,JONES RD
2011,INCAPACITATING INJURY,30.32756992,-97.81118465,N CAPITAL OF TEXAS NB HWY,WAYMAKER WAY
2011,NON-INCAPACITATING,30.42006724,-97.70367677,FM0734,SL0001
2011,NON-INCAPACITATING,0,0,FM0979,RED RIVER ST
2011,POSSIBLE INJURY,30.3260491,-97.70623021,LA POSADA DR,IH35
2011,NON-INCAPACITATING,30.26443794,-97.75714357,S LAMAR BLVD,W RIVERSIDE DR
2011,NON-INCAPACITATING,30.27381345,-97.71969159,E 12TH ST,N CHICON ST
2011,NON-INCAPACITATING,30.244836,-97.725359,S LAKESHORE BLVD,TOWN CREEK DR
2011,INCAPACITATING INJURY,30.24397272,-97.71629399,S PLEASANT VALLEY RD,S PLEASANT VALLEY TN STATION
2011,NON-INCAPACITATING,30.186677,-97.855124,WOLFTRAP DR,W SLAUGHTER LN
2011,NON-INCAPACITATING,30.250026,-97.754939,S 1ST,W ELIZABETH
2011,NON-INCAPACITATING,30.244274,-97.74035,REAGAN TERRACE,KENWOOD AVE
2011,NON-INCAPACITATING,30.265789,-97.7346377,IH35,E 6TH ST
2011,NON-INCAPACITATING,30.26541,-97.709028,WEBBERVILLE RD,N PLEASANT VALLEY RD
2011,NON-INCAPACITATING,30.289248,-97.73464,SAN JACINTO BLVD,E DEAN KEETON ST
2011,NON-INCAPACITATING,30.29327428,-97.73591118,SPEEDWAY AVE,E 30TH ST
2011,NON-INCAPACITATING,30.254796,-97.711959,NE 3RD ST,N PLEASANT VALLEY RD
2011,NON-INCAPACITATING,30.34039378,-97.59138639,W 45TH ST,N LAMAR BLVD
2011,NON-INCAPACITATING,30.155136,-97.835815,MARCUS ABRAMS BLVD,EDDIEGON LN
2011,NON-INCAPACITATING,30.26434,-97.744184,S CONGRESS AVE,2ND ST
2011,INCAPACITATING INJURY,0,0,SL0111,DENSON DR
2011,POSSIBLE INJURY,30.288601,-97.752832,N LAMAR BLVD,W 24TH ST
2011,NON-INCAPACITATING,30.308283,-97.672011,MANOR RD,HYSIDE DR
2011,NON-INCAPACITATING,30.377487,-97.753437,MESA,CIMA CERENA
2011,POSSIBLE INJURY,30.306865,-97.724696,E 45TH ST,DUVAL ST
2011,INCAPACITATING INJURY,30.284474,-97.718184,MANOR RD,CHERRYWOOD RD
2011,INCAPACITATING INJURY,30.24289905,-97.71697712,S PLEASANT VALLEY,LAKESHORE DR
2011,NON-INCAPACITATING,30.29323655,-97.74173121,GUADALUPE ST,HEMPHILL PARK
2011,NON-INCAPACITATING,30.36167987,-97.72030927,BURRELL DR,SOUTH CURBLINE OF OHLEN RD
2011,NON-INCAPACITATING,30.231431,-97.729901,WILLOW CREEK DR,AKEN DR
2011,NON-INCAPACITATING,0,0,FM0620,FM0620
2011,NON-INCAPACITATING,30.431631,-97.778249,SPICEWOOD SPRINGS RD,FOUR IRON DR
2011,NON-INCAPACITATING,30.28806089,-97.64782335,SENDERO HILLS PKWY,SIGNAL POINT
2011,NON-INCAPACITATING,30.29626489,-97.74226132,GUADALUPE ST,W 30TH ST
2011,POSSIBLE INJURY,30.415223,-97.688372,METRIC BLVD,SCOFIELD LN
2011,POSSIBLE INJURY,30.28086486,-97.64815478,E MARTIN LUTHER KING JR BLVD,TRINITY ST
2011,NON-INCAPACITATING,30.272014,-97.731,E 12TH ST,BRANCH ST
2011,POSSIBLE INJURY,30.41562198,-97.71929298,SCRIBE DR,AMHERST DR
2011,POSSIBLE INJURY,30.31189459,-97.68546929,GASTON PLACE DR,NORTH HAMPTON DR
2011,NON-INCAPACITATING,30.38192144,-97.71921148,RUTLAND DR,RUTLAND DR
2011,NON-INCAPACITATING,30.250026,-97.754939,S 1ST,W ELIZABETH ST
2011,POSSIBLE INJURY,30.26340678,-97.74453809,CONGRESS AVE,CESAR CHAVEZ
2011,NON-INCAPACITATING,30.278094,-97.772551,LAKE AUSTIN BLVD,DEEP EDDY AVE
2011,NON-INCAPACITATING,0,0,TERI RD,NICHOLS CROSSING
2011,POSSIBLE INJURY,30.28061141,-97.73803617,W MARTIN LUTHER KING BLVD,N CONGRESS AVE
2011,NON-INCAPACITATING,30.22945,-97.767639,SOUTH CENTER ST,S 1ST
2011,POSSIBLE INJURY,30.33301254,-97.70467129,E ST JOHNS AVE,N SVRD SB
2011,NON-INCAPACITATING,30.306865,-97.724696,E 45TH,DUVAL ST
2011,INCAPACITATING INJURY,30.252985,-97.712803,N PLEASANT VALLEY RD,E CESAR CHAVEZ ST
2011,NON-INCAPACITATING,30.227724,-97.788268,RED RIVER,E MLK
2011,NON-INCAPACITATING,30.21458875,-97.79902294,MANCHACA RD,STASSNAY RD
2011,INCAPACITATING INJURY,30.285698,-97.710209,MANOR RD,ALEXANDER AVE
2011,NON-INCAPACITATING,30.23993822,-97.766015,S 5TH ST,CUMBERLAND RD
2011,NON-INCAPACITATING,30.26233965,-97.72136803,E 7TH ST,CHICON ST
2011,NON-INCAPACITATING,30.278976,-97.732193,E MARTIN LUTHER KING JR BLVD,RED RIVER ST
2011,NON-INCAPACITATING,0,0,RIO GRANDE STW 6TH,W 6TH ST
2011,NON-INCAPACITATING,30.26294392,-97.72626292,E 6TH ST,COMAL ST
2011,POSSIBLE INJURY,30.28170097,-97.74194679,W MARTIN LUTHER KING BLVD,GADAULPE ST
2011,POSSIBLE INJURY,30.267783,-97.745562,W 5TH LAVACA ST,LAVACA ST
2011,POSSIBLE INJURY,30.310926,-97.722086,DUVAL ST,E 48TH DOVAL ST
2011,POSSIBLE INJURY,30.199473,-97.806226,MATTHEWS LN,CANNON LECUE DR
2011,NON-INCAPACITATING,30.26342206,-97.74453117,N CONGRESS AVE,W CESAR CHAVEZ ST
2011,POSSIBLE INJURY,30.262485,-97.703836,TILLERY ST,LYONS RD
2011,INCAPACITATING INJURY,30.271763,-97.737564,E 11TH ST,N TRINITY ST
2011,NON-INCAPACITATING,30.252297,-97.710822,E CESAR CHAVEZ ST,LINDEN ST
2011,NON-INCAPACITATING,30.28689413,-97.74165558,GUADALUPE ST,W 24TH ST
2011,NON-INCAPACITATING,30.325499,-97.732664,HOUSTON ST,GROVER AVE
2011,NOT INJURED,0,0,STEAK AVE,N MO PAC EXPY
2011,NON-INCAPACITATING,30.441392,-97.773454,POND SPRINGS RD,HUNTERS CHASE DR
2011,POSSIBLE INJURY,30.25152827,-97.75433689,S 1ST,GIBSON RD
2011,INCAPACITATING INJURY,30.27410421,-97.76065916,W 6TH ST,OAKLAND AVE
2012,NON-INCAPACITATING,30.241008,-97.765424,S 5TH ST,HERNDON LN
2011,NON-INCAPACITATING,30.421019,-97.763159,DANWOOD DR,OAK KNOLL DR
2011,NON-INCAPACITATING,30.27043842,-97.7328957,IH35,11TH ST
2011,POSSIBLE INJURY,30.2549487,-97.76217804,S LAMAR BLVD,W GIBSON ST
2012,NON-INCAPACITATING,30.289587,-97.714995,CHERRYWOOD RD,E 34TH ST
2012,NON-INCAPACITATING,30.21549523,-97.73961931,E BEN WHITE SVRD EB BLVD,S INDUSTRIAL DR
2012,NON-INCAPACITATING,30.306865,-97.724696,DUVAL ST,45TH ST
2012,NON-INCAPACITATING,30.33114331,-97.81063047,WESTLAKE DR,STEPHENS DR
2012,NON-INCAPACITATING,30.18993222,-97.91904886,SH0045,MERIDIAN PARK BLVD
2012,NON-INCAPACITATING,30.27228822,-97.7645389,W CESAR CHAVEZ ST,W CESAR CHAVEZ ST
2012,NON-INCAPACITATING,30.269236,-97.739693,SAN JACINTO ST,E 8TH ST
2012,NON-INCAPACITATING,30.2342709,-97.72249833,S PLEASANT VALLEY RD,E RIVERSIDE DR
2012,FATAL,30.4319538,-97.76489175,US0183,TECHNOLOGY BLVD
2012,NON-INCAPACITATING,30.22750963,-97.86781388,RIDGE OAK RD,ESCARPMENT BLVD
2012,NON-INCAPACITATING,30.305723,-97.744167,W 38TH ST,MEDICAL PKWY
2012,NON-INCAPACITATING,30.30953594,-97.68153149,WHELESS LN,WHELESS LNWHELESS CV
2012,NON-INCAPACITATING,30.28625327,-97.6788345,E MARTIN LUTHER KING JR BLVD,SCOTTSDALE
2012,POSSIBLE INJURY,30.210667,-97.78711,EMERALD FORESTW STASSNEY LN,W STASSNEY LN
2012,NON-INCAPACITATING,30.325831,-97.739593,W NORTHLOOP BLVD,BURNET RD
2012,NON-INCAPACITATING,0,0,300 BLK HACKBERRY LN,N DR
2012,INCAPACITATING INJURY,30.223305,-97.841699,BRUSH COUNTRY RD,WILLIAM CANNON DR
2012,POSSIBLE INJURY,0,0,WILLIAM BARTON DR,BARTON SRPINGS DR
2012,NON-INCAPACITATING,30.295637,-97.723412,E 38TH HALE STRED RIVER ST,RED RIVER ST
2012,NON-INCAPACITATING,30.364153,-97.76273,GREYSTONE DRROCKPOINT DR,ROCKPOINT DR
2012,NON-INCAPACITATING,30.26124168,-97.73675966,CESAR CHAVEZ,S 1ST
2012,NON-INCAPACITATING,30.24843338,-97.76998632,S LAMAR BLVD,W OLTORF ST
2012,POSSIBLE INJURY,30.300307,-97.746238,W 31ST,N LAMAR BLVD
2012,POSSIBLE INJURY,30.276078,-97.748405,WEST AVEW 12TH ST,WEST AVE
2011,POSSIBLE INJURY,30.26113,-97.715062,E 7TH ST,NORTH WESTERN AVE
2011,NOT INJURED,30.24836123,-97.73637851,E RIVERSIDE DR,INTERSECTION OF E RIVERSIDE DR
2012,NON-INCAPACITATING,30.44202091,-97.66588652,FM1825,WELLS BRANCH PKWY
2011,NON-INCAPACITATING,30.27883,-97.74624,15TH ST,RIO GRANDE ST
2012,POSSIBLE INJURY,30.302781,-97.738115,GUADALUPE ST,W 38TH ST
2012,NON-INCAPACITATING,30.18938137,-97.76780036,BLUFF SPRINGS RD,E WILLIAM CANNON DR
2012,NON-INCAPACITATING,30.403168,-97.700356,BITTERN HOLLOW,METRIC BLVD
2012,NON-INCAPACITATING,30.238801,-97.753558,SOUTH CONGRESS,OLTORF ST
2012,NON-INCAPACITATING,30.19849069,-97.75213417,SORRET TREE CT,PEPPERTREE PKWY
2012,NON-INCAPACITATING,30.262207,-97.715909,WEBBERVILLE,SAN SABA
2012,NON-INCAPACITATING,30.27203565,-97.75906886,W 5TH ST,ORCHARD ST
2012,NON-INCAPACITATING,30.281331,-97.758375,W LYNN ST,W 14TH ST
2012,INCAPACITATING INJURY,30.17648,-97.831922,PIPING ROCK TRL,W SLAUGHTER LN
2011,NON-INCAPACITATING,30.28445617,-97.71827697,MANOR RD,CHESTNUT
2011,NON-INCAPACITATING,30.20188931,-97.87815153,ESCARPNENT,SLAUGHTER LN
2012,POSSIBLE INJURY,30.215237,-97.768775,SHERATON AVES CONGRESS,S CONGRESS
2012,NON-INCAPACITATING,30.24690166,-97.77729299,S LAMAR BLVD,BLUEBONNET LN
2012,NON-INCAPACITATING,30.43741314,-97.83826914,FM0620,BUCKNER RD
2012,NON-INCAPACITATING,30.26470763,-97.74914744,SAN ANTONIO ST,W CESAR CHAVEZ ST
2012,INCAPACITATING INJURY,30.44879611,-97.79049114,ANDERSON MILL RD,US0183
2012,NON-INCAPACITATING,30.289758,-97.741429,W DEAN KEETON ST,GUADALUPE ST
2012,POSSIBLE INJURY,30.380662,-97.716029,METRIC BLVD,RUTLAND DR
2012,NON-INCAPACITATING,0,0,RIO GRANDE,GRAHM PL
2012,NOT INJURED,30.273662,-97.75174,W 9TH ST,HENDERSON ST
2011,NON-INCAPACITATING,30.17551762,-97.8229131,FM2304,MONARCH DR
2011,NON-INCAPACITATING,30.26954036,-97.78034697,ROLLINGWOOD DR,ZILKER CLUBHLUSE RD
2011,POSSIBLE INJURY,30.202509,-97.775577,CANGRON RD,REINLI ST
2012,NON-INCAPACITATING,0,0,ATTYAC 6TH ST,E 6TH ST
2012,NON-INCAPACITATING,30.272951,-97.713791,N PLEASANT VALLEY,NEW YORK
2012,POSSIBLE INJURY,30.35171694,-97.74901678,N MOPAC SVRD SB EXPY,FAR WEST BLVD
2012,NON-INCAPACITATING,30.26902,-97.706894,WEBBERVILLE,THOMPSON ST
2012,POSSIBLE INJURY,30.28847626,-97.69975321,MANOR RD,GREENWOOD
2012,NON-INCAPACITATING,30.224654,-97.874894,DEBCOE DR,SHADOW RIDGE RUN
2011,NON-INCAPACITATING,30.200655,-97.768224,MIRA DR,E STASSNEY LN
2011,POSSIBLE INJURY,30.24335133,-97.75201667,S CONGRESS,CONGRESS
2011,NON-INCAPACITATING,30.231487,-97.735721,E OLTORF ST,BURLESON RD
2011,NON-INCAPACITATING,30.2608614,-97.75852036,S LAMAR BLVD,S LAMAR BLVD
2012,NON-INCAPACITATING,30.23376771,-97.74117081,IH35,E OLTORF ST
2012,NON-INCAPACITATING,30.29098889,-97.74289301,NUECES ST,W 26TH ST
2012,NON-INCAPACITATING,30.26183897,-97.73884994,E CESAR CHAVEZ ST,RED RIVER ST
2012,NOT INJURED,30.24804928,-97.73535371,E RIVERSIDE DR,IH35
2012,NON-INCAPACITATING,30.261461,-97.76003,BARTON SPRINGS,JESSIE ST
2012,NON-INCAPACITATING,30.264046,-97.72953,E 6TH ST,ATTAYAC ST
2012,NON-INCAPACITATING,30.2736007,-97.69105516,OAKSPRINGS RD,SPRINGDALE RD
2012,POSSIBLE INJURY,30.23087367,-97.7334139,E OLTORF ST,BURTON DR
2012,POSSIBLE INJURY,30.23244618,-97.87648547,OAK MEADOW DR,BEN WHITE
2011,NON-INCAPACITATING,0,0,JOHNNY MOMS RD,LOYOLA LN
2012,NON-INCAPACITATING,30.3732237,-97.7263934,US0183,BURNET
2012,NON-INCAPACITATING,30.488436,-97.76964,NEENAH AVE,CALAVERAS DR
2012,NON-INCAPACITATING,30.2619611,-97.7394203,EAST CESAR CHAVEZ,N RED RIVER
2012,NON-INCAPACITATING,30.291795,-97.749872,SHOAL CREEK BLVD,N LAMAR BLVD
2012,NON-INCAPACITATING,30.24174443,-97.75881311,W OLTORF ST,NOT REPORTED
2012,NON-INCAPACITATING,30.30788,-97.741374,N LAMAR BLVD,W 40TH ST
2012,NON-INCAPACITATING,30.193656,-97.885936,ESCARPMENT BLVD,DEDHAM LN
2012,INCAPACITATING INJURY,30.35998171,-97.72981563,BURNET SB RD,TEAKWOOD DR
2012,NOT INJURED,30.298752,-97.729838,DUVAL ST,E 38TH ST
2012,NON-INCAPACITATING,30.41869465,-97.84639288,FM0620,ROCK HARBOUR DR
2012,NON-INCAPACITATING,30.2952778,-97.73687481,SPEEDWAY,W 31ST
2012,NON-INCAPACITATING,30.241213,-97.726413,ELMONS DR,BLOCK TINNIN FORD
2012,NON-INCAPACITATING,30.23173585,-97.75892234,S CONGRESS AVE,HAVANA ST
2012,NON-INCAPACITATING,0,0,JULIAN TERRAN ST,SANTA RITA ST
2012,NON-INCAPACITATING,0,0,SL0275,BARTON SPRINGS RD
2012,INCAPACITATING INJURY,30.26964398,-97.7384015,TRINITY ST,E 9TH ST
2012,NON-INCAPACITATING,30.26790321,-97.73855193,E 7TH ST,NECHES ST
2011,NON-INCAPACITATING,30.292693,-97.733631,RUTHERVUE,DUVAL RD
2012,POSSIBLE INJURY,30.266809,-97.738299,E 6TH ST,NECHES
2012,NON-INCAPACITATING,30.23869118,-97.75365293,S CONGRESS AVE,E OLTORF ST
2012,NON-INCAPACITATING,30.23859939,-97.72789184,BURTON DR,E RIVERSIDE DR
2012,NON-INCAPACITATING,30.377269,-97.65879,DESSAU RD,SHROPSHIRE BLVD
2012,NON-INCAPACITATING,30.28721868,-97.72706638,E DEAN KEETON ST,RED RIVER ST
2012,NON-INCAPACITATING,30.259716,-97.749325,SOUTH 1ST,W RIVERSIDE DR
2012,NON-INCAPACITATING,30.302781,-97.738115,GUADALUPE ST,W 38TH ST
2012,INCAPACITATING INJURY,30.44089883,-97.77318142,POND SPRINGS RD,HUNTERS CHASE DR
2012,NON-INCAPACITATING,30.24290169,-97.75218292,S CONGRESS AVE,CROCKETT ST
2012,NON-INCAPACITATING,30.24397272,-97.71629399,S PLEASANT VALLEY RD,CANTERBURY ST
2012,INCAPACITATING INJURY,30.19708722,-97.74428995,TERI RD,S PLEASANT VALLEY RD
2012,NON-INCAPACITATING,30.227092,-97.790144,MANCHACA RD,CIMARRON TRL
2012,NON-INCAPACITATING,30.459854,-97.786033,MEADOWHEATH DR,ANDERSON VILLAGE DR
2012,NON-INCAPACITATING,30.38292895,-97.77079716,CAPITAL OF TEXAS NB HWY,SPICEWOOD SPRINGS
2012,NON-INCAPACITATING,30.25581,-97.75733,S 5TH ST,CHRISTOPHER ST
2012,NON-INCAPACITATING,30.26597283,-97.73457321,IH35,E 6TH ST
2012,INCAPACITATING INJURY,30.266572,-97.744821,W 4TH ST,COLORADO ST
2012,NON-INCAPACITATING,30.25888338,-97.75160581,BARTON SPRINGS RD,S 1ST
2012,NON-INCAPACITATING,30.231103,-97.759321,S CONGRESS AVE,S S CL COLEMAN
2012,INCAPACITATING INJURY,30.23476785,-97.7438241,E OLTORF ST,SCHRIBER ST
2012,NON-INCAPACITATING,30.295429,-97.742813,W 29TH ST,GUADALUPE ST
2012,INCAPACITATING INJURY,30.312061,-97.72138,DUVAL ST,E 49TH ST
2012,NON-INCAPACITATING,30.22085569,-97.77304534,S 1ST,W ST ELMO RD
2012,NON-INCAPACITATING,30.17887079,-97.8403293,W SLAUGHTER LN,WESTGATE LN
2012,POSSIBLE INJURY,30.18384566,-97.749858,CREEK BEND DR,SOFTWOOD DR
2012,NON-INCAPACITATING,30.24645926,-97.77827916,S LAMAR BLVD,MONTCLAIRE ST
2011,NON-INCAPACITATING,30.41729,-97.750028,DUVAL RD,JOLLYVILLE RD
2012,NON-INCAPACITATING,30.377487,-97.753437,MESA,CIMA SEREVA ST
2012,NON-INCAPACITATING,30.39059424,-97.80210632,JESTER BLVD,ALOE CV
2012,POSSIBLE INJURY,30.400656,-97.748905,JOLLYVILLE RD,W BRAKER LN
2012,POSSIBLE INJURY,30.23226869,-97.73694933,PARKER LN,E OLTORF
2012,POSSIBLE INJURY,30.23789973,-97.72563336,E RIVERSIDE DR,WILLOW CREEK
2012,INCAPACITATING INJURY,30.291176,-97.72709773,RGP RIVER,E 32ND ST
2012,NON-INCAPACITATING,30.29527973,-97.74164723,FRUTH ST,WEST DR
2012,POSSIBLE INJURY,0,0,CEDAR AVE,E MLK BLVD
2012,NON-INCAPACITATING,30.30389277,-97.71396461,IH35,E 46TH ST
2012,NON-INCAPACITATING,30.287537,-97.701302,MANOR RD,ANCHOR LN
2012,POSSIBLE INJURY,30.23635789,-97.72516539,E RIVERSIDE DR,WILLOW CREEK DR E RIVERSIDE DR INT
2012,NON-INCAPACITATING,30.290067,-97.76541221,WOODMONT AVE,SHARON LN
2012,NON-INCAPACITATING,30.32199304,-97.72561308,GUADALUPE ST,NELRAY BLVD
2012,NON-INCAPACITATING,30.309239,-97.695514,BERKMAN DR,CLOVERLEAF DR
2012,NON-INCAPACITATING,30.25813,-97.747958,HAYWOOD AVE,W RIVERSIDE DR
2012,NON-INCAPACITATING,30.367344,-97.706289,W RANDBERG LN,PARKFIELD DR
2012,NON-INCAPACITATING,30.259716,-97.749325,S 1ST,W RIVERSIDE DR
2012,NON-INCAPACITATING,30.334,-97.721245,N LAMAR BLVD,BRENTWOOD ST
2012,NON-INCAPACITATING,30.41021766,-97.751209,TAYLOR DRAPER LN,JOLLYVILLE RD
2012,NON-INCAPACITATING,30.27299635,-97.74483937,GUADALUPE ST,10TH ST
2012,NON-INCAPACITATING,30.275113,-97.745214,W 12TH ST,SAN ANTONIO ST
2012,NON-INCAPACITATING,30.267216,-97.747016,GUADALUPE ST,W 4TH ST
2012,POSSIBLE INJURY,30.19044269,-97.77053302,IH35,E WILLIAM CANNON
2012,POSSIBLE INJURY,30.303609,-97.716002,AIRPORT BLVD,E 45TH ST
2012,INCAPACITATING INJURY,30.229672,-97.76022,S CONGRESS AVE,WOODWARD ST
2012,NON-INCAPACITATING,30.22191321,-97.76456038,S CONGRESS AVE,W BEN WHITE SVRD BLVD
2012,NON-INCAPACITATING,30.32171686,-97.69496416,CAMERON RD,BEN WHITE
2012,NON-INCAPACITATING,30.363016,-97.731646,STECK AVE,PARKDALE DR
2012,INCAPACITATING INJURY,30.229672,-97.76022,WOODWARD ST,S CONGRESS AVE
2012,NON-INCAPACITATING,30.269034,-97.746331,GUADALUPE ST,W 6TH ST
2012,NON-INCAPACITATING,30.268995,-97.74251,N CONGRESS AVE,E 7TH ST
2012,NON-INCAPACITATING,30.30166412,-97.69540066,E 51ST,E 51ST
2011,NON-INCAPACITATING,30.250026,-97.754939,W ELIZABETH ST,S 1ST
2012,NON-INCAPACITATING,30.21000205,-97.78582233,W STASSNEY LN,EMERALD FOREST DR
2012,NON-INCAPACITATING,0,0,RULLAND DR,MEARNS MEADOW BLVD
2012,NON-INCAPACITATING,30.21683,-97.83424,BANNOCKBURN DR,WILLIAM CANNON DR
2012,NON-INCAPACITATING,30.304773,-97.751899,KERBEY LN,W 33RD ST
2012,NON-INCAPACITATING,30.358169,-97.730281,BURNET RD,MAHONE AVE
2012,POSSIBLE INJURY,30.25034264,-97.7494284,S CONGRESS AVE,GIBSON ST
2012,NON-INCAPACITATING,30.275585,-97.73484,RED RIVER ST,E 15TH ST
2012,NON-INCAPACITATING,30.300382,-97.739692,GUADALUPE ST,W 34TH ST
2012,POSSIBLE INJURY,30.19040851,-97.7705592,IH35,E WILLIAM CANNON
2012,NON-INCAPACITATING,30.268058,-97.742841,CONGRESS AVE,W 6TH ST
2012,NON-INCAPACITATING,30.32076336,-97.70700568,IH35,BEN WHITE
2012,NON-INCAPACITATING,30.266809,-97.738299,NECHES ST,W 6TH ST
2012,NON-INCAPACITATING,30.197327,-97.778424,EBERHART DR,STARSTREAK DR
2012,NON-INCAPACITATING,30.220815,-97.794047,MANCHACA RD,OAK GLEN DR
2012,NON-INCAPACITATING,30.28684,-97.753214,SHOAL CREEK BLVD,N LAMAR BLVD
2012,NON-INCAPACITATING,30.32787,-97.739763,BURNET RD,CLAY AVE
2012,NON-INCAPACITATING,30.312354,-97.688139,GASTON PLACE DR,WELLINGTON DR
2012,NON-INCAPACITATING,30.26103941,-97.75894217,BARTON SPRINGS RD,S LAMAR
2012,NOT INJURED,30.26632166,-97.7407984,SAN JACINTO,E 5TH ST
2012,NON-INCAPACITATING,30.31168964,-97.7090836,IH35,E 53RD ST
2012,NOT INJURED,30.26528917,-97.7438893,W 3RD ST,CONGRESS AVE
2012,POSSIBLE INJURY,30.33482685,-97.74860188,ALLANDALE RD,NORTHLAND DR
2012,NON-INCAPACITATING,30.302781,-97.738115,GUADALUPE ST,W 38TH ST
2012,NON-INCAPACITATING,30.24426436,-97.72989697,E RIVERSIDE DR,S LAKESHORE DR
2012,NON-INCAPACITATING,30.32342277,-97.72387757,GUADALUPE ST,KOENIG LN
2012,NON-INCAPACITATING,30.290955,-97.734734,DUVAL ST,SAN JACINTO BLVD
2012,NON-INCAPACITATING,30.287933,-97.744659,W 24TH ST,RIO GRANDE ST
2012,NON-INCAPACITATING,30.309993,-97.74002,W 42ND ST,N LAMAR W ALLEY BLVD
2012,NON-INCAPACITATING,30.27359039,-97.69796379,OAK SPRINGS DR,AIRPORT BLVD
2012,NON-INCAPACITATING,30.32139685,-97.6890328,BERKMAN DR,BEN WHITE
2012,NON-INCAPACITATING,30.213664,-97.780431,ABERDEEN DR,EMERALD WOOD DR
2012,NON-INCAPACITATING,30.28063201,-97.741989,GUADALUPE ST,W MLK BLVD
2012,NON-INCAPACITATING,0,0,E MLK BLVD,PERSHING DR
2012,POSSIBLE INJURY,30.302728,-97.744748,W 34TH ST,N LAMAR S OL
2012,INCAPACITATING INJURY,30.33003153,-97.63820832,BEN WHITE,SPRINGDALE RD
2012,NON-INCAPACITATING,30.36304778,-97.69702439,N LAMAR BLVD,W RUNDBERG LN
2012,NON-INCAPACITATING,30.32562463,-97.72653625,N LAMAR BLVD,W KOENIG LN
2012,NON-INCAPACITATING,30.34839446,-97.73564094,BURNET RD,GREEN LAWN PKWY
2012,NON-INCAPACITATING,30.304867,-97.715934,E 46TH ST,AIRPORT BLVD
2012,POSSIBLE INJURY,30.1927,-97.777568,CIRCLE S RD,E WILLIAM CANNON DR
2011,NON-INCAPACITATING,30.310505,-97.711919,E 51ST,E 51ST
2012,POSSIBLE INJURY,30.36635346,-97.69513683,N LAMAR BLVD,W LONGSPUR BLVD
2012,NON-INCAPACITATING,30.30333745,-97.71595906,AIRPORT BLVD,E 45TH ST
2012,INCAPACITATING INJURY,30.24349497,-97.75196329,S CONGRESS AVE,W JOHANNA ST
2012,INCAPACITATING INJURY,30.38955116,-97.74504089,N CAPITAL OF TEXAS HWY,RESEARCH BLVD
2012,INCAPACITATING INJURY,30.27022788,-97.73585103,E 10TH ST,RED RIVER ST
2012,NON-INCAPACITATING,30.26240772,-97.72462278,E 6TH ST,CHALMERS AVE
2012,INCAPACITATING INJURY,30.33786265,-97.71885865,N LAMAR BLVD,AIRPORT BLVD
2012,NON-INCAPACITATING,30.23222527,-97.73670732,E OLTORF ST,PARKER LN
2012,NON-INCAPACITATING,30.366997,-97.700644,RUTLAND DR,MEARNS MEADOW BLVD
2012,NON-INCAPACITATING,30.30951413,-97.71034071,IH35,E 51ST
2012,NON-INCAPACITATING,30.207037,-97.835009,HARPERS FERRY LN,BRODIE LN
2012,NON-INCAPACITATING,30.27359732,-97.69791887,AIRPORT BLVD,OAK SPRINGS DR
2012,NON-INCAPACITATING,30.426769,-97.753446,RESEARCH SVRD NB BLVD,RIATA TRACE PKWY
2012,NON-INCAPACITATING,30.33404293,-97.7381516,W KOENIG LN,LAIRD DR
2012,POSSIBLE INJURY,30.2324389,-97.80095082,S LAMAR SVC NB BLVD,WESTGATE BLVD
2012,NON-INCAPACITATING,30.27373,-97.763299,W 5TH ST,W LYNN ST
2012,NON-INCAPACITATING,30.43733149,-97.73594922,LEGENDARY DR,W PARMER LN
2012,POSSIBLE INJURY,30.30885388,-97.74074915,N LAMAR BLVD,W 38TH ST
2012,INCAPACITATING INJURY,0,0,SALT SPRINGS,RINGSBY ST
2012,NON-INCAPACITATING,30.32469361,-97.72711731,N LAMAR BLVD,KOENIG LN
2012,NON-INCAPACITATING,30.26391352,-97.73534758,IH35,E 4TH ST
2012,NON-INCAPACITATING,30.24796,-97.750322,W MONROE ST,SOUTH CONGRESS AVE
2012,NON-INCAPACITATING,30.28195781,-97.74202609,GUADALUPE ST,MARTIN LUTHER KING ST
2012,NON-INCAPACITATING,30.233758,-97.723544,S PLEASANT VALLEY RD,E RIVERSIDE DR
2012,NON-INCAPACITATING,30.32592761,-97.72633641,LAMAR BLVD,W KOENIG LN
2012,NON-INCAPACITATING,30.39723464,-97.74999827,JOLLYVILLE RD,W BRAKER LN
2012,NON-INCAPACITATING,30.423414,-97.681222,LAMPLIGHT VILLAGE,METRIC BLVD
2012,NON-INCAPACITATING,30.27200182,-97.7551373,W 6TH ST,BAYLOR ST
2012,POSSIBLE INJURY,30.43291702,-97.77388563,SPICEWOOD SPRINGS RD,PARLIAMENT PL
2012,NON-INCAPACITATING,30.269032,-97.749906,RIO GRANDE ST,W 5TH ST
2012,POSSIBLE INJURY,30.265235,-97.740027,TRINITY ST,E 4TH ST
2012,NON-INCAPACITATING,30.29563701,-97.72341199,RED RIVER ST,E 38 12 ST
2012,NON-INCAPACITATING,30.27627,-97.70431798,E 12TH ST,OAK GROVE AVE
2012,NON-INCAPACITATING,30.268995,-97.74251,CONGRESS AVE,E 7TH ST
2012,INCAPACITATING INJURY,30.24719244,-97.75593666,S 1ST,W MARY ST
2012,NON-INCAPACITATING,0,0,BRODIE LN,CONVIET HILL RD
2012,INCAPACITATING INJURY,30.37673292,-97.77969863,N CAPITAL OF TX SB HWY,LAKEWOOD DR
2012,NON-INCAPACITATING,30.232356,-97.720422,WICKERSHOM LN,E RIVERSIDE DR
2012,NON-INCAPACITATING,30.29312249,-97.7360162,SAN JACINTO BLVD,E 30TH ST
2012,NON-INCAPACITATING,30.41136287,-97.6866949,W PARMER LN,SCOFIELD FARMS DR
2012,POSSIBLE INJURY,30.35971233,-97.73832344,ROCKWOOD LN,W ANDERSON LN
2012,NON-INCAPACITATING,30.283228,-97.727966,RED RIVER ST,CLYDE LITTLEFIELD DR
2012,POSSIBLE INJURY,30.287796,-97.742651,W 24TH ST,SAN ANTONIO ST
2012,NON-INCAPACITATING,30.296993,-97.731019,DUVAL ST,CAROLYN AVE
2012,INCAPACITATING INJURY,30.28022564,-97.74213584,GUADALUPE ST,W 17TH ST
2012,NON-INCAPACITATING,30.244479,-97.757696,S 1ST,W LIVE OAK ST
2012,NON-INCAPACITATING,30.21126203,-97.7488181,FREIDRICH LN,E ST ELMO RD
2012,POSSIBLE INJURY,30.276078,-97.748405,WEST AVE,RIO GRANDE
2012,NON-INCAPACITATING,30.30683044,-97.72472181,DUVAL ST,W 45TH ST
2012,NON-INCAPACITATING,30.2952778,-97.73687481,SPEEDWAY,E 31ST
2012,POSSIBLE INJURY,30.4152535,-97.84813584,FM0620,FM0620
2012,INCAPACITATING INJURY,30.264404,-97.73053,E 6TH ST,WALLER ST
2012,NON-INCAPACITATING,30.292014,-97.741244,GUADALUPE ST,W 27TH ST
2012,POSSIBLE INJURY,30.286539,-97.742759,SAN ANTONIO ST,W 23RD ST
2012,POSSIBLE INJURY,30.291721,-97.734222,DUVAL ST,E 30TH ST
2012,NON-INCAPACITATING,30.287933,-97.744659,W 24TH ST,RIO GRANDE ST
2012,INCAPACITATING INJURY,30.28355,-97.748277,SAN GABRIEL ST,MLK JR BLVD
2012,NON-INCAPACITATING,30.42921016,-97.84253257,FM0620,BOULDER LN
2012,POSSIBLE INJURY,30.26214153,-97.75806369,S LAMAR BLVD,S LAMAR BLVD
2012,NON-INCAPACITATING,30.278094,-97.772551,DEEP EDDY AVE,LAKE AUSTIN BLVD
2012,NON-INCAPACITATING,30.28974984,-97.74133423,W DEAN KEETON ST,GUADALUPE ST
2012,INCAPACITATING INJURY,30.26340678,-97.74453809,CONGRESS AVE,E CESAR CHAVEZ ST
2012,NON-INCAPACITATING,30.2952722,-97.73687919,SPEEDWAY,E 31ST
2012,NON-INCAPACITATING,0,0,JUSTIN LN,N LAMAR BLVD
2012,NON-INCAPACITATING,30.272444,-97.704865,WEBBERVILLE RD,OAK SPRINGS DR
2012,POSSIBLE INJURY,30.22729333,-97.77973774,BANISTER LN,W BEN WHITE SVRD WB
2012,NON-INCAPACITATING,30.29904726,-97.73038056,E 38TH ST,DUVAL ST
2012,NON-INCAPACITATING,30.31000416,-97.70882871,CAMERON RD,E 52ND ST
2012,NON-INCAPACITATING,30.235545,-97.756347,S CONGRESS AVE,CUMBERLAND ST
2012,NON-INCAPACITATING,30.40844909,-97.71597119,BURNET RD,DUVAL RD
2012,NON-INCAPACITATING,30.27453993,-97.73518002,RED RIVER ST,E 15TH ST
2012,NON-INCAPACITATING,30.25569,-97.711532,N PLEASANT VALLEY RD,N PLEASANT VALLEY RD
2012,NON-INCAPACITATING,30.235411,-97.727325,WILLOW CREEK DR,WOODLAND AVE
2012,POSSIBLE INJURY,30.28922114,-97.73432406,E DEAN KEETON ST,SAN JACINTO BLVD
2012,NON-INCAPACITATING,30.38931196,-97.71160614,KRAMER LN,METRIC BLVD
2012,NON-INCAPACITATING,30.277897,-97.742995,GUADALUPE ST,W 15TH ST
2012,NON-INCAPACITATING,30.37310046,-97.74999389,STECK AVE,GREENSLOPE DR
2012,POSSIBLE INJURY,30.221424,-97.764847,S CONGRESS AVE,RADAM LN
2012,NON-INCAPACITATING,30.26469892,-97.7491513,W CESAR CHAVEZ ST,SAN ANTONIO ST
2012,NON-INCAPACITATING,30.316422,-97.718529,DUVAL ST,E 53RD ST
2012,NON-INCAPACITATING,30.415224,-97.737225,DUVAL RD,BIG TRL
2012,POSSIBLE INJURY,30.2206835,-97.74884055,IH35,WOODWARD ST
2012,NON-INCAPACITATING,30.261195,-97.727409,E 4TH ST,COMAL ST
2012,POSSIBLE INJURY,30.286672,-97.744781,RIO GRANDE ST,W 23RD ST
2012,POSSIBLE INJURY,30.35665037,-97.68905878,IH35,MIDDLE LN
2012,POSSIBLE INJURY,0,0,E MLK JR BLVD,BRAZOS ST
2012,INCAPACITATING INJURY,30.24690166,-97.77729299,S LAMAR BLVD,BLUEBONNET LN
2012,NON-INCAPACITATING,30.217443,-97.874225,ESCARPMENT BLVD,OASIS DR
2012,NON-INCAPACITATING,30.233758,-97.723544,E RIVERSIDEB,S PLEASANT VALLEY RD
2012,POSSIBLE INJURY,0,0,WM CANNON DR,BEN WHITE
2012,NON-INCAPACITATING,30.183535,-97.849956,W SLAUGHTER LN,BRODIE LN
2012,NON-INCAPACITATING,30.31651981,-97.7439551,W 45TH ST,SINCLAIR AVE
2012,NON-INCAPACITATING,30.238801,-97.753558,S CONGRESS AVE,W OLTORF ST
2012,POSSIBLE INJURY,30.211638,-97.876614,ESCARPMENT BLVD,DAVIS LN
2012,NON-INCAPACITATING,0,0,FARWEST BLVD,LADERA NORTE
2012,INCAPACITATING INJURY,30.49270984,-97.77323386,W PARMER LN,CASSANDRA DR
2012,POSSIBLE INJURY,30.40869694,-97.74773662,JOLLYVILLE RD,THUNDERCREEK DR
2012,NON-INCAPACITATING,30.17937252,-97.85255758,ASPEN CREEK PKWY,BRODIE LN
2012,POSSIBLE INJURY,30.211979,-97.712599,E BEN WHITE SVRD WB BLVD,MONTOPOLIS DR
2012,NON-INCAPACITATING,30.174258,-97.794854,RALPH ABLANEDO DR,SWANSON LN
2012,NON-INCAPACITATING,30.28626578,-97.74278474,SAN ANTONIO ST,W 23 ST
2012,POSSIBLE INJURY,0,0,RED RIVER,RED RIVER
2012,POSSIBLE INJURY,0,0,RED RIVER,RED RIVER
2012,NON-INCAPACITATING,30.269903,-97.742171,CONGRESS AVE,W 8TH ST
2012,NON-INCAPACITATING,30.23202304,-97.69894761,MONTOPOLIS DR,LARCH TER
2012,NON-INCAPACITATING,30.289576,-97.749214,W 25TH ST,E ALLEY LONGVIEW
2012,POSSIBLE INJURY,30.295187,-97.736946,SPEEDWAY,W 31ST
2012,NON-INCAPACITATING,30.31080014,-97.73288468,W 45TH ST,GUADALUPE ST
2013,NON-INCAPACITATING,30.26725395,-97.75599543,N LAMAR BLVD,SANRA MURAIDA WAY
2013,POSSIBLE INJURY,30.364225,-97.714276,PAYTON GIN,OHLEN RD
2013,POSSIBLE INJURY,30.269636,-97.748483,WEST 6TH ST,NUECES ST
2012,POSSIBLE INJURY,30.268425,-97.726901,EAST 11TH ST,ROSEWOOD AVE
2012,NON-INCAPACITATING,30.40085392,-97.74884132,JOLLYVILLE,BRAKER
2013,NON-INCAPACITATING,30.18392118,-97.78186014,S CONGRESS AVE,E DITMAR RD
2013,NON-INCAPACITATING,30.2035051,-97.79679978,WOODHUE DR,SPEARSON LN
2013,NON-INCAPACITATING,30.411738,-97.849838,ZIMMERMAN LN,N FM 620
2012,FATAL,30.22086359,-97.69481154,E RIVERSIDE DR,YELLOW JACKET LN
2013,NON-INCAPACITATING,30.207815,-97.869452,BECKETT RD,DAVIS LN
2013,POSSIBLE INJURY,30.263965,-97.726122,E 7TH ST,COMAL ST
2013,INCAPACITATING INJURY,30.23754403,-97.76073966,CUMBERLAND DR,S 1ST
2013,NON-INCAPACITATING,30.30024771,-97.68347706,PECAN SPRING RD,OVERBROOK DR
2013,NON-INCAPACITATING,30.4412038,-97.74966367,CORPUS CHRISTI DR,MCNEIL DR
2013,NON-INCAPACITATING,30.252985,-97.712803,N PLEASANT VALLEY RD,E CESAR CHAVEZ ST
2013,NON-INCAPACITATING,30.273385,-97.699122,OAK SPRINGS DR,TILLERY ST
2013,NON-INCAPACITATING,30.221098,-97.772897,S 1ST,E ST ELMO RD
2013,NON-INCAPACITATING,30.26728005,-97.74938455,NUECES ST,W 3RD ST
2012,POSSIBLE INJURY,30.259328,-97.699559,SPRINGDALE RD,MILBURN RD
2012,NON-INCAPACITATING,30.369328,-97.710596,MOUNTAIN AVAIL BLVD,W RUNDBERG LN
2012,NON-INCAPACITATING,30.323223,-97.728018,N LAMAR BLVD,STARK ST
2013,INCAPACITATING INJURY,30.421917,-97.665794,W HOWARD LN,THE LAKES BLVD
2013,NON-INCAPACITATING,30.269302,-97.736153,RED RIVER ST,E 9TH ST
2013,NON-INCAPACITATING,30.211401,-97.831961,BRODIE LN,CONVICT HILL RD
2012,POSSIBLE INJURY,30.28232494,-97.70383321,AIRPORT BLVD,MARTIN LUTHER KING BLVD
2012,NON-INCAPACITATING,30.269699,-97.719029,ROSEWOOD AVE,CHICON ST
2012,FATAL,30.25970294,-97.74596357,S CONGRESS AVE,BARTON SPRINGS
2013,POSSIBLE INJURY,30.311207,-97.713394,E 51ST,BENNETT
2013,INCAPACITATING INJURY,30.319794,-97.739182,W 49TH ST,BURNET RD
2013,INCAPACITATING INJURY,30.277355,-97.716606,CHESTNUT AVE,E 16TH ST
2013,NON-INCAPACITATING,30.312436,-97.730785,W 46TH ST,AVENUE A
2013,NON-INCAPACITATING,30.393118,-97.71123001,BARKER SPRINGS RD,WILLIAM BARTON DR
2013,NON-INCAPACITATING,30.24939939,-97.76750166,SH0275,MORROW ST
2013,NON-INCAPACITATING,30.232817,-97.72432,SOUTH PLEASANT VALLEY RD,WILLOW HILL DR
2013,NON-INCAPACITATING,30.26394254,-97.72606409,E 7TH ST,COMAL ST
2013,NON-INCAPACITATING,30.42262895,-97.79374394,SCOTLAND WELL DR,SPICEWOOD SPRINGS RD
2013,NON-INCAPACITATING,30.343996,-97.715035,N LAMAR BLVD,MORROW ST
2013,POSSIBLE INJURY,30.177291,-97.836936,BRASHER DR,W SLAUGHTER RD
2013,NON-INCAPACITATING,30.3555754,-97.68471588,NORTH PLAZA,PARK PLAZA
2013,NON-INCAPACITATING,30.305288,-97.730537,SPEEDWAY,E 42ND ST
2013,NON-INCAPACITATING,30.35643765,-97.73142555,W ANDERSON LN,BURNET RD
2013,NON-INCAPACITATING,30.219631,-97.756676,E BEN WHITE WB BLVD,PAYLOAD PASS
2013,NON-INCAPACITATING,30.29923258,-97.72953238,DUVAL ST,E 38TH ST
2013,POSSIBLE INJURY,30.277201,-97.752377,BAYLOR ST,W 12TH ST
2013,NON-INCAPACITATING,30.36497546,-97.72850144,BURNET RD,RESEARCH SVRD SB
2013,NON-INCAPACITATING,30.27060029,-97.74815206,W 7TH ST,NUECES ST
2013,NON-INCAPACITATING,30.26304729,-97.74320797,E CESAR CHAVEZ ST,BRAZOS ST
2013,POSSIBLE INJURY,30.25905216,-97.74621228,S CONGRESS AVE,BARTON SPRINGS RD
2013,NON-INCAPACITATING,30.22037,-97.765519,S CONGRESS AVE,INDUSTRIAL BLVD
2013,INCAPACITATING INJURY,30.32141981,-97.68871645,BEN WHITE,BERKMAN DR
2013,NON-INCAPACITATING,30.18899979,-97.76796298,BLUFF SPRINGS RD,E WILLIAM CANNON DR
2013,POSSIBLE INJURY,30.26183897,-97.73884994,CESAR CHAVEZ,RED RIVER
2013,NON-INCAPACITATING,30.371795,-97.75004799,GREENSLOPE DR,SOUTH DR
2013,POSSIBLE INJURY,30.240218,-97.727052,RIVERSIDE DR,BURTON DR
2013,INCAPACITATING INJURY,30.17367145,-97.82383273,MANCHACA RD,W SLAUGHTER LN
2013,NON-INCAPACITATING,30.272738,-97.757121,W 6TH ST,BLANCO ST
2013,POSSIBLE INJURY,30.266809,-97.738299,NECHES ST,E 6TH ST
2013,INCAPACITATING INJURY,30.262558,-97.72212,E 7TH ST,CHICON
2013,NON-INCAPACITATING,30.275017,-97.752281,N LAMAR BLVD,W 10TH ST
2013,NON-INCAPACITATING,30.294352,-97.737489,E 30TH ST,UNIVERSITY AVE
2013,NON-INCAPACITATING,30.43354285,-97.66979428,IH35,KORMAN DR
2013,INCAPACITATING INJURY,30.27668524,-97.77200879,VETERANS DR,FOSTER AVE
2013,POSSIBLE INJURY,30.37504072,-97.73017085,US0183,BURNET RD
2013,NON-INCAPACITATING,0,0,AIRPORT BLVD,W KOENIG WB SVRD LN
2013,NON-INCAPACITATING,30.42501811,-97.75519696,PAVILION BLVD,RESEARCH SVRD SB BLVD
2013,NON-INCAPACITATING,0,0,W MLK BLVD,PEARL ST
2013,NON-INCAPACITATING,30.300577,-97.733611,E 38TH ST,SPEEDWAY
2013,POSSIBLE INJURY,30.25718411,-97.74687339,S CONGRESS AVE,E RIVERSIDE DR
2013,INCAPACITATING INJURY,0,0,E MLK BLVD,SCOTTSDALE RD
2013,NON-INCAPACITATING,30.304735,-97.726105,DUVAL ST,E 43RD ST
2013,NON-INCAPACITATING,30.39841,-97.767434,SIMMONS RD,BLUEGRASS DR
2013,NON-INCAPACITATING,30.24916121,-97.74986275,S CONGRESS AVE,ELIZABETH ST
2013,NON-INCAPACITATING,0,0,W M L K JR BLVD,N CONGRESS AVE
2013,NON-INCAPACITATING,30.34436621,-97.75101904,GREAT NORTHERN BLVD,BULLARD DR
2013,NON-INCAPACITATING,30.20656421,-97.85950377,DAVIS LN,S MOPAC SVRD NB EXPY
2013,NON-INCAPACITATING,30.29119565,-97.72708831,RED RIVER ST,E 32ND ST
2013,INCAPACITATING INJURY,30.21378743,-97.80070087,MANCHACA RD,BROOKHILL DR
2013,POSSIBLE INJURY,30.27921666,-97.74486885,NUECES ST,16TH ST
2013,NON-INCAPACITATING,30.26184739,-97.73888017,E CEASAR CHAVEZ ST,RED RIVER ST
2013,POSSIBLE INJURY,30.295646,-97.738009,W 31ST,WALLING DR
2013,POSSIBLE INJURY,30.28432,-97.719106,MANOR RD,COLETO ST
2013,NON-INCAPACITATING,30.41364449,-97.74763907,JOLLYVILLE RD,THUNDER CREEK RD
2012,INCAPACITATING INJURY,30.31568,-97.691576,WHELESS LN,BERKMAN DR
2013,NON-INCAPACITATING,30.26199872,-97.71987204,E 7TH ST,ROBERT T MARTINEZ
2013,NON-INCAPACITATING,30.3899541,-97.74614024,RESEARCH SR SVRD BLVD,N CAPITAL OF TEXAS HWY
2013,NON-INCAPACITATING,0,0,IH35,E MLK JR BLVD
2013,NON-INCAPACITATING,30.26470105,-97.74405718,S CONGRESS BRIDGE AVE,CESAR CHAVEZ ST
2013,POSSIBLE INJURY,30.293521,-97.745166,SALADO ST,N 28TH ST
2013,NON-INCAPACITATING,30.244274,-97.74035,REAGAN TER,KENWOOD AVE
2012,POSSIBLE INJURY,30.26534613,-97.74383432,CONGRESS AVE,E 3RD ST
2013,NON-INCAPACITATING,30.25396739,-97.76278203,S LAMAR BLVD,LAMAR SQUARE DR
2013,NOT INJURED,30.24051541,-97.76066161,S 1ST,WEST OLTORF ST
2013,NON-INCAPACITATING,30.26912545,-97.7424613,CONGRESS AVE,E 7TH ST
2013,NON-INCAPACITATING,30.19899262,-97.77656318,S CONGRESS AVE,NORTH BLUFF DR
2013,NON-INCAPACITATING,30.248317,-97.762098,W MARY,5TH ST
2013,NON-INCAPACITATING,30.300382,-97.739692,W 34TH ST,GUADALUPE ST
2013,NON-INCAPACITATING,30.341621,-97.707491,NORTHCREST BLVD,PRINCE DR
2013,NON-INCAPACITATING,30.317671,-97.728432,GUADALUPE ST,W 51ST
2013,INCAPACITATING INJURY,30.33525186,-97.80639904,N CAPITAL OF TX SB HWY,WESTLAKE DR
2013,POSSIBLE INJURY,30.199227,-97.79363,WILLIAM CANNON DR,EMERAL FOREST
2013,NON-INCAPACITATING,30.269903,-97.742171,CONGRESS AVE,E 8TH ST
2013,NON-INCAPACITATING,30.24289905,-97.71697712,S PLEASANT VALLEY RD,LAKESHORE BLVD
2013,INCAPACITATING INJURY,30.206357,-97.779632,BRAMBLE DR,CEDARDALE DR
2013,NON-INCAPACITATING,30.300577,-97.684131,PECAN SPRINGS RD,OVERBROOK DR
2013,POSSIBLE INJURY,30.21932728,-97.75681942,E BEN WHITE BLVD,PAYLOAD PASS
2013,POSSIBLE INJURY,30.19503416,-97.75820569,PONCIANA DR,E STASSNEY LN
2013,NON-INCAPACITATING,30.22806449,-97.77518453,W BEN WHITEB SVC,JAMES PKWY
2013,POSSIBLE INJURY,30.288412,-97.729093,E DEAN KEETON ST,MEDICAL ARTS ST
2013,NON-INCAPACITATING,30.3437,-97.705323,E ANDERSON SVRD WB LN,GEORGIAN DR
2013,NON-INCAPACITATING,30.300159,-97.685854,MANOR RD,WESTMINISTER DR
2013,NON-INCAPACITATING,30.24237186,-97.81614858,GAINES RANCH LOOP,S MOPAC SVRD SB EXPY
2013,NON-INCAPACITATING,30.35773181,-97.73039643,BURNET RD,W ANDERSON LN
2013,POSSIBLE INJURY,30.26340678,-97.74453809,CONGRESS AVE,W CESAR CHAVEZ ST
2013,NON-INCAPACITATING,30.245193,-97.75132,S CONGRESS AVE,W MARY ST
2013,INCAPACITATING INJURY,30.27686532,-97.70034249,AIRPORT BLVD,E 12TH ST
2013,POSSIBLE INJURY,30.32279101,-97.81431652,N CAPITAL OF TEXAS NB HWY,BOLD RULER WAY
2013,NON-INCAPACITATING,30.29423202,-97.72003838,IH35,E 38TH ST
2013,INCAPACITATING INJURY,30.256601,-97.711108,N PLEASANT VALLEY RD,E 5TH ST
2013,NON-INCAPACITATING,30.31743346,-97.7285905,GUADALUPE ST,51ST
2013,NOT INJURED,0,0,FM2222,PARADOX CV
2013,NON-INCAPACITATING,30.31867096,-97.70725773,IH35,REINLI ST
2013,NON-INCAPACITATING,30.3218326,-97.81545545,N CAPITAL OF TEXAS SB HWY,BOLD RULER WAY
2013,NON-INCAPACITATING,30.306865,-97.724696,E 45TH,DUVAL ST
2013,NON-INCAPACITATING,30.343,-97.725021,WOODROW AVE,PIEDMONT AVE
2013,NON-INCAPACITATING,30.269636,-97.748483,W 6TH ST,NUECES ST
2013,POSSIBLE INJURY,30.43737532,-97.77154178,POND SPRINGS RD,SAN FELIPE BLVD
2013,NON-INCAPACITATING,30.30905246,-97.70966748,E 51ST,CAMERON RD
2013,INCAPACITATING INJURY,30.322946,-97.728208,N LAMAR BLVD,NELROY BLVD
2013,POSSIBLE INJURY,30.351979,-97.722015,BURRELL DR,W ANDERSON LN
2013,NON-INCAPACITATING,30.31750515,-97.74614029,SHOAL CREEK BLVD,W 45TH ST
2013,NON-INCAPACITATING,30.25565848,-97.72046578,E CESAR CHAVEZ ST,ROBERT T MARTINEZ
2013,POSSIBLE INJURY,0,0,W MLK JR BLVD,NUECES ST
2013,NON-INCAPACITATING,30.2619203,-97.7614883,BARTON SPRINGS RD,KINNEY AVE
2013,POSSIBLE INJURY,30.30188,-97.732719,W 39TH ST,SPEEDWAY
2013,NON-INCAPACITATING,30.39914414,-97.70400593,METRIC BLVD,SUNHILLOW BLVD
2013,POSSIBLE INJURY,30.288601,-97.752832,N LAMAR BLVD,W 24TH ST
2013,NON-INCAPACITATING,30.25562,-97.711566,N PLEASANT VALLEY RD,E 4TH ST
2013,NON-INCAPACITATING,30.450183,-97.81789,STEUR VIEW TRL,ANDERSON MILL RD
2013,NON-INCAPACITATING,0,0,S MOPAC NB EXPY,SOUTH BAY RD
2013,NON-INCAPACITATING,0,0,TINNIN FORD,E RIVERSIDEBURTON
2013,INCAPACITATING INJURY,30.298752,-97.729838,E 38TH ST,DUVAL ST
2013,NON-INCAPACITATING,30.42787039,-97.70170557,NORTH SHIELDS DR,BURNET RD
2013,POSSIBLE INJURY,30.26022555,-97.74577179,S CONGRESS AVE,BARTON SPRINGS RD
2013,NON-INCAPACITATING,30.178854,-97.762829,ANDREW ZILKER RD,S MOPAC SVRD NB
2013,INCAPACITATING INJURY,30.17025286,-97.8250646,MANCHACA RD,W SLAUGHTER LN
2013,POSSIBLE INJURY,30.265789,-97.7346377,E 6TH ST,IH35
2013,NON-INCAPACITATING,30.19402516,-97.74476183,E STASSNEY LN,S PLEASANT VALLEY RD
2013,NON-INCAPACITATING,30.371515,-97.757264,SPICEWOOD SPRINGS RD,MESA DR
2013,NON-INCAPACITATING,30.432007,-97.738655,RIATA VISTA CIR,RIATA TRACE PKWY
2013,NON-INCAPACITATING,30.278094,-97.772551,LAKE AUSTIN BLVD,DEEP EDDY AVE
2013,INCAPACITATING INJURY,30.24319444,-97.72934011,E RIVERSIDE DR,ARENA DR
2013,NON-INCAPACITATING,30.2769,-97.73953,W 15TH ST,N CONGRESS AVE
2013,NON-INCAPACITATING,30.301299,-97.76531,EXPOSITION BLVD,MCCULLOUGH ST
2013,NON-INCAPACITATING,30.265235,-97.740027,TRINITY,EAST 4TH
2013,NON-INCAPACITATING,30.26261457,-97.74483737,S CONGRESS AVE,E CESAR CHAVEZ
2013,NON-INCAPACITATING,30.312105,-97.747235,W 41ST,SINCLAIR AVE
2013,NON-INCAPACITATING,30.287933,-97.744659,W 24TH ST,RIO GRANDE ST
2013,FATAL,30.23410373,-97.8647541,BEN WHITE,WILLIAM CANNON DR
2013,NON-INCAPACITATING,30.411665,-97.767516,RAIN CREEK PKWY,SANS SOUCI PL
2013,NON-INCAPACITATING,30.26338224,-97.74444728,E CESAR CHAVEZ ST,CONGRESS AVE
2013,NON-INCAPACITATING,30.3883753,-97.75205567,ARBORETUM BLVD,N CAPITAL OF TEXAS HWY
2013,NON-INCAPACITATING,30.26340678,-97.74453809,E CESAR CHAVEZ ST,CONGRESS AVE
2013,INCAPACITATING INJURY,30.37100739,-97.7575023,MEZA DR,SPICEWOOD SPRINGS RD
2013,NON-INCAPACITATING,30.218003,-97.792034,FAIR OAKS DR,KINGS HWY
2013,NON-INCAPACITATING,30.2884736,-97.75166006,W 24TH ST,SHOAL CREEK BLVD
2013,NON-INCAPACITATING,30.30160944,-97.73579314,W 38TH ST,AVENUE B
2013,NON-INCAPACITATING,30.217443,-97.874225,OASIS DR,ESCARPMENTO BLVD
2013,POSSIBLE INJURY,30.179277,-97.841156,WEST GATE BLVD,W SLAUGHTER LN
2013,NON-INCAPACITATING,30.219559,-97.769653,W ST ELMO,GARNETT ST
2013,NON-INCAPACITATING,30.30708401,-97.747543,SHOAL CREEK BLVD,W 38TH ST
2013,NON-INCAPACITATING,30.26717606,-97.74331404,W 5TH ST,CONGRESS AVE
2013,NON-INCAPACITATING,30.37698298,-97.67612086,IH35,E BRAKER LN
2013,POSSIBLE INJURY,30.37182736,-97.71541556,W RUNDBERG LN,NORTHGATE BLVD
2013,NON-INCAPACITATING,30.25880229,-97.71426648,E 6TH ST,PEDERNALES ST
2013,NON-INCAPACITATING,30.24433907,-97.78131563,S LAMAR BLVD,MANCHACA RD
2013,INCAPACITATING INJURY,30.33656068,-97.77675436,MOUNT BONNELL RD,TELEPHONE POLE 291611
2013,NON-INCAPACITATING,30.30764801,-97.715725,AIRPORT BLVD,GENE JOHNSON ST
2013,NON-INCAPACITATING,30.290184,-97.71461,CHERRY WOOD RD,CLARKSON AVE
2013,INCAPACITATING INJURY,30.293886,-97.732943,DUVAL ST,E 32ND ST
2013,NON-INCAPACITATING,30.1709182,-97.75319074,S PLEASANT VALLEY RD,ONION CREEK DR
2013,POSSIBLE INJURY,30.39988798,-97.65367502,HARRIS GLENN DR,PARMER LN
2013,POSSIBLE INJURY,30.28063201,-97.741989,GUADALUPE ST,MLK JR BLVD
2013,NON-INCAPACITATING,30.253448,-97.714132,LLANO ST,E CESAR CHAVEZ ST
2013,NON-INCAPACITATING,30.282254,-97.743745,W MARTIN LUTHER KING JR BLVD,NUECES ST
2013,NON-INCAPACITATING,0,0,MANSELL AVE,LEAESMA RD
2013,NON-INCAPACITATING,30.24133248,-97.71795978,S PLEASANT VALLEY RD,S LAKESHORE BLVD
2013,NON-INCAPACITATING,30.261238,-97.706657,PRADO ST,RAMOS ST
2013,NON-INCAPACITATING,30.26340678,-97.74453809,E CESAR CHAVEZ ST,CONGRESS AVE
2013,NON-INCAPACITATING,30.260914,-97.713715,E 7TH ST,PERDENALES W CURB LINE
2013,POSSIBLE INJURY,30.273706,-97.744583,W 11TH ST,GUADALUPE ST
2013,NON-INCAPACITATING,30.265937,-97.767293,BARTON SPRINGS RD,WILLIAM BARTON DR
2013,NON-INCAPACITATING,30.22001285,-97.74419938,WOODWARD DR,PARKER LN
2013,NON-INCAPACITATING,30.31307,-97.704971,CAMERON RD,CORONA DR
2013,NON-INCAPACITATING,30.249341,-97.755172,S 1ST,W MONROE
2013,NON-INCAPACITATING,30.36644758,-97.72812087,BURNET RD,SHAMROCK AVE
2013,INCAPACITATING INJURY,30.23643915,-97.72924449,WOODLAND AVE,BURTON DR
2013,NON-INCAPACITATING,30.306865,-97.724696,DUVAL ST,E 45TH ST
2013,NON-INCAPACITATING,0,0,OOBIE DR,ABERDEEN WAY
2013,NON-INCAPACITATING,0,0,W MARTIN LUTHER KING JR BLVD,NUECES ST
2013,NON-INCAPACITATING,30.306865,-97.724696,DUVAL ST,E 45TH ST
2013,POSSIBLE INJURY,30.23923879,-97.75318205,S CONGRESS AVE,W OLTROF ST
2013,NON-INCAPACITATING,30.18304488,-97.85024019,BRODIE LN,W SLAUGHTER LN
2013,NON-INCAPACITATING,30.2640345,-97.7642125,BARTON BLVD,BARTON SPRINGS RD
2012,NON-INCAPACITATING,30.244479,-97.757696,S 1ST,W LIVE OAK ST
2013,NON-INCAPACITATING,30.218249,-97.766874,W ST ELMO RD,S CONGRESS AVE
2013,INCAPACITATING INJURY,30.410075,-97.776909,VILLA MARIA LN,YAUPON DR
2013,INCAPACITATING INJURY,30.4346107,-97.76895123,MC NEIL DR,RESEARCH BLVD
2013,NON-INCAPACITATING,30.24690166,-97.77729299,S LAMAR BLVD,BLUEBONNET LN
2013,NON-INCAPACITATING,30.26964897,-97.74847787,NUECES ST,E 6TH ST
2013,NON-INCAPACITATING,30.29778708,-97.74135454,GUADALUPE ST,31ST
2013,NON-INCAPACITATING,30.36304778,-97.69702439,W RUNDBERG LN,N LAMAR
2013,NON-INCAPACITATING,30.276304,-97.744774,SAN ANTONIO ST,W 13TH ST
2013,NON-INCAPACITATING,30.284361,-97.776044,W 8TH ST,EXPOSITION BLVD
2013,POSSIBLE INJURY,30.229815,-97.796296,WESTERN TRAILS BLVD,ROUNDUP TRL
2013,NON-INCAPACITATING,30.237218,-97.754938,S CONGRESS AVE,LONGBOW LN
2013,POSSIBLE INJURY,30.28778733,-97.74255629,W 24TH ST,SAN ANTONIO ST
2013,POSSIBLE INJURY,30.261511,-97.775226,BARTON HILLS DR,HOLLOW CREEK DR
2013,NON-INCAPACITATING,30.291965,-97.740341,W 27TH ST,WHITIS AVE
2013,POSSIBLE INJURY,30.256521,-97.686653,PERRY RD,BOLM RD
2013,NON-INCAPACITATING,30.32857375,-97.7510804,HANCOCK DR,BULL CREEK RD
2013,NON-INCAPACITATING,30.21538902,-97.7977519,W STASSNEY LN,MANCHACA RD
2013,NON-INCAPACITATING,30.30790233,-97.70732165,E 51ST,LANCASTER DR
2013,NON-INCAPACITATING,30.301224,-97.73917,W 35TH ST,GUADALUPE ST
2013,NON-INCAPACITATING,30.254744,-97.705704,E 5TH ST,ALLEN ST
2013,NON-INCAPACITATING,30.35768148,-97.70006534,N LAMAR BLVD,FAIRFIELD DR
2013,POSSIBLE INJURY,30.25633,-97.734299,HOLLY ST,WALLER ST
2013,INCAPACITATING INJURY,30.37094937,-97.72142434,N RESEARCH BLVD SVRD NB BLVD,METRIC BLVD
2013,NON-INCAPACITATING,30.238801,-97.753558,S CONGRESS AVE,E OLTORF ST
2013,POSSIBLE INJURY,30.41994554,-97.66228541,W HOWARD LN,CENTER LINE PASS
2013,POSSIBLE INJURY,30.24433907,-97.78131563,S LAMAR BLVD,MANCHACA RD
2013,NON-INCAPACITATING,30.295429,-97.742813,GUADALUPE ST,W 29TH ST
2013,NON-INCAPACITATING,30.315811,-97.742485,ROSEDALE AVE,W 45TH ST
2013,NON-INCAPACITATING,30.25836796,-97.74978777,E BARTON SPRINGS RD,E S 1ST ST
2013,NON-INCAPACITATING,30.25555478,-97.70198702,SPRINGDALE RD,E 7TH ST
2013,NON-INCAPACITATING,30.227051,-97.70799,GROVE BLVD,E RIVERSIDE DR
2013,NON-INCAPACITATING,30.33976711,-97.74954127,WHITEROCK DR,JANEY DR
2013,NON-INCAPACITATING,30.25087845,-97.74922561,S CONGRESS AVE,W JAMES ST
2013,POSSIBLE INJURY,30.2511651,-97.74911729,S CONGRESS AVE,W JAMES ST
2013,POSSIBLE INJURY,30.266751,-97.741826,BRAZOS ST,E 5TH ST
2013,NON-INCAPACITATING,30.18394,-97.792646,S 1ST ST,W DITTMAR
2013,NON-INCAPACITATING,30.285698,-97.710209,MANOR RD,ALEXANDER AVE
2013,NON-INCAPACITATING,30.288412,-97.729093,E DEAN KEETON ST,MEDICAL ARTS ST
2013,POSSIBLE INJURY,30.291721,-97.734222,DUVAL,30TH ST
2013,NON-INCAPACITATING,30.29662779,-97.74203835,GUADALUPE ST,W 30TH ST
2013,NON-INCAPACITATING,30.27817932,-97.77267522,LAKE AUSTIN BLVD,DEEP EDDY AVE
2013,POSSIBLE INJURY,30.31084,-97.732968,W 45TH ST,GUADALUPE ST
2013,POSSIBLE INJURY,30.302781,-97.738115,GUADALUPE ST,W 38TH ST
2013,NON-INCAPACITATING,30.301224,-97.73917,W 35TH ST,GUADALUPE ST
2013,NON-INCAPACITATING,30.203111,-97.837436,ESKEW DR,BRODIE LN
2013,POSSIBLE INJURY,0,0,E RIVERSIDE DR,S S PLEASANT VALLEY
2013,NON-INCAPACITATING,30.26529486,-97.73761483,RED RIVER ST,E 5TH ST
2013,POSSIBLE INJURY,30.23679734,-97.76301707,S 1ST,EL PASO ST
2013,NON-INCAPACITATING,30.221813,-97.778718,REDD ST,MOUNT VERNON DR
2013,POSSIBLE INJURY,30.23376771,-97.74117081,IH0035I,E OLTORF ST
2013,INCAPACITATING INJURY,30.40835774,-97.69698398,METRIC BLVD,CEDAR BEND DR
2013,POSSIBLE INJURY,30.30743524,-97.66965814,SPRINGDALE RD,MANOR RD
2013,NON-INCAPACITATING,30.299761,-97.773873,WINDSOR RD,PECOS ST
2013,POSSIBLE INJURY,30.31208,-97.752563,BULL CREEK RD,W 39TH ST
2013,POSSIBLE INJURY,30.39835465,-97.7044689,GRACY FARMS LANE,METRIC BLVD
2013,NON-INCAPACITATING,0,0,W NORTH LOOP BLVD,BURNET RD
2013,NON-INCAPACITATING,30.25978728,-97.74593133,S CONGRESS AVE,W RIVERSIDE DR
2013,POSSIBLE INJURY,30.263396,-97.744541,BLK 1ST,W CESAR CHAVEZ ST
2013,NON-INCAPACITATING,30.15247879,-97.82762366,JAMES HOLLER,CHAPPEL LN
2013,POSSIBLE INJURY,30.222844,-97.776576,W ST ELMO RD,VINSON DR
2013,POSSIBLE INJURY,0,0,FARWEST BLVD,EDGEFIELD DR
2013,NON-INCAPACITATING,30.28773771,-97.74191437,BLK W 24TH,GUADALUPE
2013,POSSIBLE INJURY,0,0,SAN ANTONIO ST,W MLK JR BLVD
2013,NON-INCAPACITATING,30.257115,-97.724635,E CESAR CHAVEZ RD,CHICON ST
2013,NON-INCAPACITATING,30.26630272,-97.71163929,WALTER ST,NILE ST
2013,POSSIBLE INJURY,0,0,NW 1100 S 1STREET ST,NW 1100 S 1STREET ST
2013,NON-INCAPACITATING,30.1864177,-97.75896183,E WILLIAM CANNON DR,STONLEIGH PL
2013,NON-INCAPACITATING,30.267684,-97.741476,E 6TH ST,BRAZOS ST
2013,POSSIBLE INJURY,30.245193,-97.75132,S CONGRESS AVE,E MARY ST
2013,NON-INCAPACITATING,30.35046405,-97.67615632,DESSAU RD,E RUNDBERG LN
2014,NON-INCAPACITATING,30.36219739,-97.74043,SHOAL CREEK BLVD,GREAT NORTHERN BLVD
2013,POSSIBLE INJURY,30.44027692,-97.69829646,BURNET RD,WELLS BRANCH PKWY
2013,INCAPACITATING INJURY,30.32756276,-97.81118917,SL0360I,WAYMAKER WAY
2014,NON-INCAPACITATING,30.313557,-97.682325,NORTH HAMPTON DR,BRISTOL DR
2014,POSSIBLE INJURY,30.306372,-97.697332,BERKMAN DR,BROADMOOR
2014,NON-INCAPACITATING,0,0,SL0360I,WALLACE DR
2014,NON-INCAPACITATING,30.265789,-97.7346377,IH35,E 6TH ST
2014,NON-INCAPACITATING,30.229672,-97.76022,NW CONGRESS AVE,WOODWARD
2013,NON-INCAPACITATING,30.27122699,-97.75305987,W 6TH ST,HENDERSON ST
2013,NON-INCAPACITATING,30.298909,-97.740646,W 32ND ST,GUADALUPE ST
2013,NON-INCAPACITATING,0,0,WELLS BRANCH PKWY,HEATHERWILDE BLVD
2013,NON-INCAPACITATING,30.303959,-97.717804,BENNETT AVE,E 45TH ST
2013,INCAPACITATING INJURY,0,0,E MLK BLVD,E MLK BLVD
2013,NON-INCAPACITATING,0,0,W PERMER LN,12500 N MOPAC EXPY
2013,NON-INCAPACITATING,30.301985,-97.738639,GUADALUPE ST,WEST 37TH ST
2013,POSSIBLE INJURY,30.22102581,-97.76040641,US0290E,S CONGRESS AVE
2014,NON-INCAPACITATING,0,0,CIRCLE TREE LOOP LOOP,MESA DR
2013,POSSIBLE INJURY,30.289758,-97.741429,GUADALUPE ST,26TH ST
2014,NON-INCAPACITATING,30.42503404,-97.75741553,JOLLIVILLE RD,PAVILION BLVD
2014,NON-INCAPACITATING,30.32146106,-97.69653453,N LAMAR BLVD,W KOENIG LN
2013,NON-INCAPACITATING,30.40375995,-97.8539782,FM2222,FM0620
2014,NON-INCAPACITATING,30.2029142,-97.807516,WILLIAM CANNON DR,MANCHACA RD
2014,NON-INCAPACITATING,30.285263,-97.744949,RIO GRANDE ST,W 22ND ST
2014,NON-INCAPACITATING,0,0,AIRPORT BLVD,W HUNTLAND DR
2014,NON-INCAPACITATING,30.28689413,-97.74165558,GUADALUPE ST,W 24TH ST
2014,NOT INJURED,30.20338724,-97.7753279,S CONGRESS AVE,AINESWORTH ST
2014,NON-INCAPACITATING,30.347691,-97.750977,NORTH HILLS DR,BALCONES DR
2014,NON-INCAPACITATING,30.286312,-97.706359,MANOR RD,AIRPORT BLVD
2014,NON-INCAPACITATING,30.23771,-97.725735,E RIVERSIDE DR,WILLOW CREEK DR
2014,NON-INCAPACITATING,30.25941275,-97.75303504,BARTON SPRINGS RD,S 1ST
2014,POSSIBLE INJURY,0,0,E DEAN KEETON ST,SPEEDWAY
2014,POSSIBLE INJURY,30.25706,-97.713971,SANTA RITA ST,CORTA ST
2013,NON-INCAPACITATING,30.29275144,-97.72589035,RED RIVER ST,DUNCAN LN
2014,NON-INCAPACITATING,30.321987,-97.739342,HANCOCK DR,BURNET RD
2014,NON-INCAPACITATING,30.30469139,-97.71973055,RED RIVER ST,E 45TH ST
2014,NON-INCAPACITATING,30.277135,-97.698668,E 12TH ST,RIDGE DR
2014,POSSIBLE INJURY,30.1951584,-97.74751198,CHAPARRAL TRL,PINE PL
2014,NON-INCAPACITATING,30.282797,-97.776497,LAKE AUSTIN BLVD,W 7TH ST
2014,NON-INCAPACITATING,30.27998913,-97.7356973,NE MARTIN LUTHER KING BLVD,SAN JACINTO ST
2014,NON-INCAPACITATING,30.25836,-97.750105,BARTON SPRINGS RD,S 1ST
2014,POSSIBLE INJURY,30.2692559,-97.74241259,CONGRESS AVE,W 7TH ST
2014,NON-INCAPACITATING,30.37466,-97.669531,WALNUT RIDGE DR,ASH CV
2014,POSSIBLE INJURY,30.23313261,-97.79526911,SH0071E,S LAMAR BLVD
2014,POSSIBLE INJURY,30.362251,-97.710101,PAYTON GIN RD,PARKFIELD DR
2013,POSSIBLE INJURY,30.26972298,-97.69288879,MUNSON,SPRINGDALE RD
2013,NON-INCAPACITATING,30.371175,-97.709491,MOUNTAIN QUAIL RD,RUTLAND DR
2014,INCAPACITATING INJURY,30.302781,-97.738115,GUADALUPE ST,W 38TH ST
2014,POSSIBLE INJURY,30.26432154,-97.72129387,CHICON ST,E 9TH ST
2014,INCAPACITATING INJURY,30.216682,-97.811505,WESTGATE BLVD,BLARWOOD
2014,NON-INCAPACITATING,30.343992,-97.745712,SHOAL CREEK BLVD,CAVILEER AVE
2014,POSSIBLE INJURY,30.29337916,-97.74180666,GUADALUPE ST,W 28TH ST
2014,POSSIBLE INJURY,0,0,S MOPAC SB SVRD,TAMMARON
2014,NON-INCAPACITATING,0,0,MESA DR,SIERRA DR
2014,NON-INCAPACITATING,30.23422665,-97.72276241,S PLEASANT VALLEY,S RIVERSIDE DR
2013,NON-INCAPACITATING,30.264723,-97.74553,W 2ND ST,LAUACA ST
2014,POSSIBLE INJURY,30.264619,-97.73785,E 4TH ST,RED RIVER ST
2014,NON-INCAPACITATING,30.29330401,-97.741768,GUADALUPE ST,FRUTH ST
2014,NON-INCAPACITATING,30.2778451,-97.74301547,GUADALUPE ST,W 15TH ST
2014,NON-INCAPACITATING,30.261511,-97.775226,BARTON HILLS DR,HOLLOW CREEK DR
2014,NON-INCAPACITATING,30.269034,-97.746331,GUADALUPE ST,W 6TH ST
2014,NON-INCAPACITATING,30.342394,-97.715968,N N LAMAR BLVD,W CRESTLAND DR
2014,NON-INCAPACITATING,0,0,E DUVAL ST,E 35TH ST
2013,INCAPACITATING INJURY,30.3507676,-97.67177959,DUNGAN LN,BROWN LN
2014,NON-INCAPACITATING,30.27088476,-97.73443525,E 11TH ST,SABINE ST
2014,POSSIBLE INJURY,30.25858019,-97.78821558,BARTON SKY WAY,SPYGLASS DR
2014,NON-INCAPACITATING,30.293304,-97.741768,GUADALUPE ST,W 28TH ST
2014,NON-INCAPACITATING,30.26145522,-97.71735031,E 7TH ST,WEBBERVILLE RD
2014,NON-INCAPACITATING,30.3291162,-97.72030754,GUADALUPE ST,DENSON
2014,POSSIBLE INJURY,30.263237,-97.724136,E 7TH ST,CHALMERS AVE
2014,NON-INCAPACITATING,30.280294,-97.736771,E MARTIN LUTHER KING JR BLVD,BRAZOS ST
2014,POSSIBLE INJURY,30.24190736,-97.72708096,TOWN CREEK DR,E RIVERSIDE DR
2014,NON-INCAPACITATING,30.24893752,-97.80512616,SL0360I,SL0001
2014,NON-INCAPACITATING,30.25901494,-97.699762,SPRINGDALE RD,SPRINGDALE
2013,POSSIBLE INJURY,30.269699,-97.719029,CHICON ST,ROSEWOOD AVE
2014,NON-INCAPACITATING,30.245511,-97.748747,E ANNIE ST,BRACKENRIDGE ST
2014,NON-INCAPACITATING,30.26897,-97.738662,E 8TH ST,TRINITY ST
2014,POSSIBLE INJURY,30.305288,-97.730537,SPEEDWAY,E 42ND ST
2014,NON-INCAPACITATING,30.25113899,-97.749127,S CONGRESS AVE,THE CIRCLE DR
2014,INCAPACITATING INJURY,30.36269471,-97.79027653,SH0360I,FM 2222
2014,NON-INCAPACITATING,0,0,DAWSON RD,DANIEL DR
2014,POSSIBLE INJURY,30.238827,-97.719523,S PLEASANT VALLEY RD,ELMONT DR