10001,INDIA,7
10001,DELAWARE,3042
10001,SINGAPORE,6
10001,ENGLAND-WALES,2
10001,ARIZONA,17
10001,INDIANA,25
10001,MARYLAND,60
10001,SOUTH DAKOTA,2
10001,MINNESOTA,31
10001,CALIFORNIA,260
10001,NEW MEXICO,4
10001,WISCONSIN,19
10001,FRANCE,3
10001,ILLINOIS,99
10001,GEORGIA,68
10001,VIETNAM,1
10001,LIBERIA,2
10001,GERMANY,3
10001,WASHINGTON,24
10001,OHIO,51
10001,BERMUDA,4
10001,IOWA,9
10001,,29
10001,MAINE,10
10001,VIRGINIA,37
10001,COLORADO,27
10001,CHINA,5
10001,PENNSYLVANIA,118
10001,NEW HAMPSHIRE,4
10001,NEBRASKA,4
10001,CAYMAN ISLANDS,3
10001,NORTH CAROLINA,17
10001,ALL OTHERS,11
10001,CANADA,19
10001,GABON,1
10001,MISSISSIPPI,7
10001,DISTRICT OF COLUMBIA,23
10001,WEST VIRGINIA,3
10001,BOLIVIA,1
10001,MEXICO,3
10001,ARKANSAS,7
10001,KANSAS,10
10001,ENGLAND,6
10001,NEVADA,146
10001,HONG KONG,3
10001,LIECHTENSTEIN,1
10001,BRITISH COLUMBIA,2
10001,MICHIGAN,42
10001,SOUTH CAROLINA,11
10001,ALASKA,3
10001,MASSACHUSETTS,77
10001,RHODE ISLAND,9
10001,NETHERLANDS ANTILLES,9
10001,TAIWAN,1
10001,TURKEY,1
10001,SWITZERLAND,3
10001,SOVIET UNION,5
10001,BRITISH VIRGIN ISLANDS,9
10001,KOREA,47
10001,PAKISTAN,1
10001,VERMONT,2
10001,CONNECTICUT,71
10001,MONTANA,2
10001,PANAMA,3
10001,ALABAMA,15
10001,NORWAY,1
10001,OREGON,12
10001,PUERTO RICO,3
10001,KENTUCKY,9
10001,QUEBEC,1
10001,IDAHO,1
10001,NORTH DAKOTA,1
10001,WYOMING,11
10001,SPAIN,1
10001,TEXAS,82
10001,UTAH,8
10001,ISRAEL,1
10001,FLORIDA,174
10001,NETHERLANDS,2
10001,UNITED KINGDOM,1
10001,BELGIUM,2
10001,AFRICA,1
10001,OKLAHOMA,9
10001,NEW JERSEY,585
10001,LOUISIANA,9
10001,AUSTRIA,1
10001,TENNESSEE,27
10001,SOUTH AFRICA,1
10001,JAPAN,1
10001,MISSOURI,24
10002,OHIO,1
10002,CALIFORNIA,8
10002,ILLINOIS,6
10002,CONNECTICUT,3
10002,FLORIDA,7
10002,VIRGINIA,1
10002,NORTH DAKOTA,1
10002,CANADA,1
10002,WISCONSIN,1
10002,CAYMAN ISLANDS,1
10002,ARIZONA,2
10002,INDIANA,2
10002,MASSACHUSETTS,3
10002,NEVADA,12
10002,TEXAS,2
10002,MICHIGAN,2
10002,MARYLAND,5
10002,KENTUCKY,2
10002,NETHERLANDS ANTILLES,1
10002,IDAHO,1
10002,NORTH CAROLINA,4
10002,TENNESSEE,2
10002,DISTRICT OF COLUMBIA,2
10002,TAIWAN,1
10002,WYOMING,1
10002,PANAMA,1
10002,SOUTH CAROLINA,1
10002,DELAWARE,210
10002,,2
10002,GEORGIA,2
10002,PENNSYLVANIA,8
10002,NEW JERSEY,47
10003,INDIANA,6
10003,VERMONT,3
10003,UNITED KINGDOM,3
10003,NEW JERSEY,170
10003,MASSACHUSETTS,18
10003,ITALY,1
10003,HAWAII,3
10003,WYOMING,3
10003,IOWA,5
10003,BRITISH VIRGIN ISLANDS,1
10003,OHIO,14
10003,CONNECTICUT,30
10003,KENTUCKY,2
10003,WESTERN SOMOA,1
10003,MINNESOTA,1
10003,GEORGIA,3
10003,WEST VIRGINIA,1
10003,ICELAND,1
10003,,12
10003,NORTH CAROLINA,3
10003,FRANCE,5
10003,HONG KONG,2
10003,SOVIET UNION,1
10003,WASHINGTON,6
10003,COLORADO,3
10003,BERMUDA,3
10003,NORWAY,1
10003,INDIA,1
10003,PUERTO RICO,1
10003,ENGLAND-WALES,1
10003,MISSOURI,2
10003,CAYMAN ISLANDS,2
10003,KOREA,1
10003,RHODE ISLAND,3
10003,ALL OTHERS,2
10003,GABON,2
10003,MICHIGAN,4
10003,MARYLAND,14
10003,VIRGINIA,7
10003,CALIFORNIA,58
10003,NEVADA,27
10003,ONTARIO,1
10003,LOUISIANA,1
10003,PENNSYLVANIA,23
10003,JAPAN,3
10003,CANADA,3
10003,ILLINOIS,25
10003,FLORIDA,28
10003,TEXAS,11
10003,ALBERTA,1
10003,DISTRICT OF COLUMBIA,15
10003,SOUTH CAROLINA,1
10003,ARIZONA,7
10003,MARSHALL ISLANDS,2
10003,TENNESSEE,4
10003,WISCONSIN,5
10003,MAINE,9
10003,AUSTRALIA,3
10003,NEBRASKA,1
10003,NEW MEXICO,1
10003,ENGLAND,1
10003,MISSISSIPPI,1
10003,QUEBEC,1
10003,DELAWARE,1362
10003,INDONESIA,1
10004,,27
10004,FRANCE,5
10004,MICHIGAN,2
10004,CAYMAN ISLANDS,88
10004,NEVADA,25
10004,CALIFORNIA,45
10004,BELGIUM,1
10004,CYPRUS,2
10004,MEXICO,1
10004,CUBA,1
10004,BAHAMA ISLANDS,2
10004,COLORADO,5
10004,MAINE,8
10004,MONACO,1
10004,INDIANA,3
10004,BRITISH VIRGIN ISLANDS,7
10004,SOVIET UNION,1
10004,CHILE,1
10004,BRAZIL,1
10004,ENGLAND-WALES,1
10004,NORTH CAROLINA,6
10004,MONTANA,1
10004,RHODE ISLAND,2
10004,WISCONSIN,2
10004,TEXAS,16
10004,GEORGIA,6
10004,PUERTO RICO,1
10004,CHINA,3
10004,PANAMA,8
10004,PHILIPPINES,1
10004,VENEZUELA,1
10004,NEW JERSEY,251
10004,ENGLAND,6
10004,ARIZONA,6
10004,INDIA,3
10004,WEST VIRGINIA,2
10004,UNITED KINGDOM,2
10004,TURKEY,1
10004,CANADA,5
10004,NORTH DAKOTA,1
10004,SWITZERLAND,4
10004,LIBERIA,19
10004,CHANNEL ISLANDS,1
10004,IDAHO,1
10004,KANSAS,1
10004,WALES,1
10004,ITALY,2
10004,ALABAMA,2
10004,CONNECTICUT,23
10004,ARKANSAS,1
10004,NETHERLANDS,1
10004,FLORIDA,32
10004,MASSACHUSETTS,21
10004,KENTUCKY,1
10004,GABON,3
10004,WYOMING,4
10004,BERMUDA,5
10004,NETHERLANDS ANTILLES,5
10004,LOUISIANA,6
10004,VERMONT,3
10004,DELAWARE,2312
10004,BOLIVIA,1
10004,VIRGINIA,7
10004,SINGAPORE,1
10004,OHIO,12
10004,UTAH,1
10004,BARBADOS,1
10004,MISSOURI,3
10004,MARSHALL ISLANDS,18
10004,GERMANY,3
10004,ALL OTHERS,5
10004,WASHINGTON,2
10004,JAPAN,12
10004,ILLINOIS,38
10004,HONG KONG,1
10004,PENNSYLVANIA,39
10004,MINNESOTA,1
10004,MARYLAND,62
10004,DISTRICT OF COLUMBIA,6
10004,SOUTH DAKOTA,1
10004,INDONESIA,1
10004,DENMARK,2
10004,MISSISSIPPI,1
10005,TURKEY,8
10005,RHODE ISLAND,1
10005,NEW JERSEY,506
10005,COLOMBIA,1
10005,HAWAII,3
10005,LEBANON,1
10005,UTAH,2
10005,LIBERIA,15
10005,FRANCE,1
10005,VENEZUELA,1
10005,DELAWARE,2395
10005,IDAHO,1
10005,ARKANSAS,3
10005,NEW HAMPSHIRE,1
10005,FINLAND,1
10005,BOLIVIA,1
10005,MONTANA,1
10005,SOUTH DAKOTA,1
10005,ITALY,7
10005,BRAZIL,2
10005,INDONESIA,1
10005,ENGLAND,11
10005,JAMAICA,1
10005,INDIANA,10
10005,VERMONT,1
10005,RUSSIA,1
10005,INDIA,11
10005,IOWA,5
10005,SINGAPORE,11
10005,GABON,6
10005,MARYLAND,110
10005,SOUTH CAROLINA,1
10005,ENGLAND-WALES,3
10005,CALIFORNIA,67
10005,LOUISIANA,4
10005,ALL OTHERS,11
10005,WEST VIRGINIA,8
10005,PANAMA,27
10005,MISSISSIPPI,1
10005,TAIWAN,2
10005,DENMARK,6
10005,JAPAN,8
10005,UNITED KINGDOM,2
10005,CONNECTICUT,61
10005,PUERTO RICO,1
10005,PHILIPPINES,1
10005,OHIO,36
10005,MASSACHUSETTS,22
10005,CHINA,6
10005,MARSHALL ISLANDS,5
10005,AUSTRALIA,1
10005,TENNESSEE,4
10005,,76
10005,QATAR,1
10005,BERMUDA,10
10005,NETHERLANDS,2
10005,CANADA,14
10005,KENTUCKY,2
10005,COLORADO,10
10005,SWITZERLAND,4
10005,MINNESOTA,5
10005,PENNSYLVANIA,86
10005,SWEDEN,1
10005,WYOMING,6
10005,COSTA RICA,1
10005,MAINE,14
10005,BELGIUM,2
10005,BRITISH COLUMBIA,1
10005,WASHINGTON,8
10005,NORTH CAROLINA,4
10005,CUBA,5
10005,SOVIET UNION,2
10005,VIRGINIA,9
10005,WISCONSIN,2
10005,NEVADA,53
10005,DISTRICT OF COLUMBIA,16
10005,GEORGIA,13
10005,KOREA,9
10005,FLORIDA,44
10005,NETHERLANDS ANTILLES,12
10005,MALTA,1
10005,NEBRASKA,1
10005,CYPRUS,3
10005,MICHIGAN,12
10005,GERMANY,2
10005,MISSOURI,16
10005,TEXAS,12
10005,KANSAS,3
10005,HONG KONG,6
10005,IRELAND,1
10005,ILLINOIS,45
10005,CAYMAN ISLANDS,37
10005,ALABAMA,3
10005,ARIZONA,15
10005,OKLAHOMA,1
10005,ARGENTINA,1
10005,CHILE,1
10005,BRITISH VIRGIN ISLANDS,16
10006,NEVADA,20
10006,BAHAMA ISLANDS,2
10006,MASSACHUSETTS,11
10006,JAPAN,5
10006,NETHERLANDS,1
10006,MINNESOTA,2
10006,FLORIDA,24
10006,MARYLAND,26
10006,MEXICO,1
10006,CONNECTICUT,27
10006,LOUISIANA,3
10006,HONG KONG,5
10006,UNITED ARAB EMIRATES,1
10006,CAYMAN ISLANDS,1
10006,CHILE,5
10006,UNITED KINGDOM,3
10006,BRITISH VIRGIN ISLANDS,3
10006,ARIZONA,8
10006,SINGAPORE,6
10006,DELAWARE,1154
10006,PANAMA,3
10006,WASHINGTON,4
10006,MARSHALL ISLANDS,3
10006,CANADA,5
10006,KENTUCKY,2
10006,UTAH,2
10006,NEW HAMPSHIRE,1
10006,TENNESSEE,1
10006,NEW JERSEY,339
10006,UKRAINE,1
10006,FRANCE,1
10006,SPAIN,2
10006,PENNSYLVANIA,69
10006,GEORGIA,3
10006,GABON,1
10006,KOREA,5
10006,GERMANY,4
10006,SCOTLAND,1
10006,RHODE ISLAND,2
10006,TEXAS,11
10006,OHIO,18
10006,WISCONSIN,1
10006,MALAYSIA,1
10006,ONTARIO,1
10006,SOVIET UNION,3
10006,COLORADO,4
10006,SOUTH CAROLINA,2
10006,VIRGINIA,4
10006,CHINA,1
10006,ALL OTHERS,18
10006,MAINE,6
10006,DISTRICT OF COLUMBIA,8
10006,RUSSIA,2
10006,LIBERIA,2
10006,IDAHO,2
10006,WEST VIRGINIA,1
10006,MICHIGAN,9
10006,WYOMING,1
10006,ILLINOIS,34
10006,NETHERLANDS ANTILLES,1
10006,WEST GERMANY,1
10006,INDIANA,2
10006,,20
10006,NORTH CAROLINA,4
10006,CALIFORNIA,32
10006,KANSAS,1
10007,SWITZERLAND,1
10007,LOUISIANA,3
10007,NEVADA,32
10007,OREGON,1
10007,BAHAMA ISLANDS,1
10007,SOUTH DAKOTA,2
10007,IOWA,1
10007,ARIZONA,7
10007,ILLINOIS,52
10007,JAPAN,6
10007,MASSACHUSETTS,22
10007,DISTRICT OF COLUMBIA,5
10007,DELAWARE,637
10007,CALIFORNIA,38
10007,MAINE,10
10007,NORTH CAROLINA,3
10007,INDIANA,2
10007,PANAMA,2
10007,FLORIDA,25
10007,CONNECTICUT,60
10007,MINNESOTA,3
10007,WEST VIRGINIA,7
10007,TENNESSEE,3
10007,WISCONSIN,4
10007,ALABAMA,3
10007,OHIO,39
10007,GERMANY,4
10007,SOVIET UNION,1
10007,WASHINGTON,3
10007,SOUTH CAROLINA,1
10007,MICHIGAN,9
10007,NETHERLANDS ANTILLES,2
10007,,31
10007,PENNSYLVANIA,63
10007,PUERTO RICO,1
10007,OKLAHOMA,1
10007,ARKANSAS,1
10007,KENTUCKY,4
10007,RHODE ISLAND,3
10007,KOREA,1
10007,VERMONT,2
10007,ANTIGUA,1
10007,MONTANA,1
10007,ENGLAND,3
10007,VIRGINIA,5
10007,COLORADO,4
10007,SWEDEN,2
10007,NEW HAMPSHIRE,4
10007,MISSOURI,2
10007,NEW JERSEY,482
10007,CANADA,3
10007,TEXAS,8
10007,MARYLAND,8
10007,GABON,4
10007,GEORGIA,7
10007,SINGAPORE,1
10007,BRITISH VIRGIN ISLANDS,1
10007,POLAND,2
10007,BELGIUM,1
10008,TEXAS,1
10008,NEVADA,6
10008,FLORIDA,1
10008,DELAWARE,18
10008,NEW JERSEY,5
10008,PENNSYLVANIA,1
10008,CALIFORNIA,1
10008,KOREA,2
10009,MAINE,1
10009,CONNECTICUT,1
10009,AUSTRALIA,1
10009,NEW JERSEY,14
10009,ALABAMA,1
10009,ENGLAND-WALES,1
10009,RHODE ISLAND,2
10009,GEORGIA,1
10009,MINNESOTA,1
10009,BRITISH VIRGIN ISLANDS,1
10009,CANADA,1
10009,WASHINGTON,1
10009,UNITED KINGDOM,1
10009,NORTH CAROLINA,1
10009,NEVADA,9
10009,PENNSYLVANIA,3
10009,WYOMING,1
10009,CALIFORNIA,7
10009,MICHIGAN,1
10009,ARIZONA,1
10009,COLORADO,1
10009,DELAWARE,148
10009,VIRGINIA,1
10009,MARYLAND,2
10009,WISCONSIN,1
10009,ILLINOIS,2
10009,OHIO,1
10009,FLORIDA,4
10010,,16
10010,COLORADO,4
10010,ARIZONA,8
10010,ARKANSAS,2
10010,SOUTH AFRICA,1
10010,NEW HAMPSHIRE,2
10010,ARGENTINA,3
10010,PENNSYLVANIA,55
10010,MAINE,6
10010,SOVIET UNION,1
10010,INDIANA,4
10010,IOWA,1
10010,GABON,1
10010,SOUTH CAROLINA,3
10010,ENGLAND-WALES,1
10010,CALIFORNIA,24
10010,NETHERLANDS ANTILLES,2
10010,WISCONSIN,2
10010,BAHAMA ISLANDS,1
10010,JAPAN,5
10010,UNITED KINGDOM,3
10010,FLORIDA,29
10010,OHIO,19
10010,INDONESIA,1
10010,ISRAEL,1
10010,MISSOURI,4
10010,TEXAS,9
10010,VERMONT,2
10010,ILLINOIS,44
10010,NEW MEXICO,2
10010,CANADA,3
10010,ALABAMA,4
10010,ONTARIO,4
10010,SWITZERLAND,1
10010,MISSISSIPPI,1
10010,MINNESOTA,5
10010,CONNECTICUT,34
10010,SCOTLAND,1
10010,RHODE ISLAND,6
10010,LIECHTENSTEIN,2
10010,WASHINGTON,7
10010,US VIRGIN ISLANDS,1
10010,DISTRICT OF COLUMBIA,10
10010,TENNESSEE,2
10010,BERMUDA,2
10010,VIRGINIA,12
10010,DELAWARE,1573
10010,KENTUCKY,2
10010,IDAHO,1
10010,HUNGARY,1
10010,POLAND,1
10010,SOUTH DAKOTA,3
10010,WEST VIRGINIA,3
10010,GERMANY,2
10010,NORTH CAROLINA,5
10010,MARYLAND,26
10010,AUSTRIA,1
10010,ALASKA,1
10010,OREGON,1
10010,PANAMA,2
10010,NEVADA,18
10010,LOUISIANA,4
10010,GEORGIA,12
10010,KOREA,3
10010,BRITISH VIRGIN ISLANDS,6
10010,NEW JERSEY,251
10010,MICHIGAN,4
10010,AUSTRALIA,1
10010,MASSACHUSETTS,22
10011,LIECHTENSTEIN,2
10011,INDIA,31
10011,COLOMBIA,1
10011,JAPAN,29
10011,LUXEMBOURG,13
10011,JAMAICA,1
10011,KUWAIT,2
10011,ENGLAND,16
10011,ARGENTINA,2
10011,KANSAS,138
10011,BRAZIL,2
10011,NIGERIA,2
10011,MALTA,3
10011,ALABAMA,119
10011,GEORGIA,540
10011,FRANCE,6
10011,RUSSIA,1
10011,MONTANA,20
10011,DENMARK,4
10011,BAHAMA ISLANDS,8
10011,MARSHALL ISLANDS,6
10011,NETHERLANDS,14
10011,INDONESIA,2
10011,TAIWAN,1
10011,ENGLAND-WALES,14
10011,FLORIDA,760
10011,NEW HAMPSHIRE,113
10011,MALAYSIA,1
10011,UNITED KINGDOM,21
10011,SOUTH DAKOTA,15
10011,HAWAII,10
10011,SWEDEN,1
10011,ARKANSAS,63
10011,NOVA SCOTIA,4
10011,ARIZONA,148
10011,FINLAND,1
10011,TURKEY,1
10011,ALBERTA,14
10011,CANADA,73
10011,NORTH CAROLINA,267
10011,CAYMAN ISLANDS,165
10011,ILLINOIS,623
10011,BELGIUM,4
10011,LOUISIANA,100
10011,NEVADA,480
10011,TENNESSEE,208
10011,GABON,1
10011,US VIRGIN ISLANDS,2
10011,INDIANA,254
10011,BOLIVIA,2
10011,SCOTLAND,3
10011,SEYCHELLES,1
10011,NEW MEXICO,19
10011,PUERTO RICO,7
10011,BAHRAIN,2
10011,IOWA,111
10011,WESTERN SOMOA,1
10011,CONNECTICUT,385
10011,UKRAINE,1
10011,KOREA,9
10011,IDAHO,18
10011,CHINA,13
10011,SASKATCHEWAN,1
10011,CHANNEL ISLANDS,3
10011,ONTARIO,29
10011,NEW JERSEY,980
10011,COLORADO,285
10011,LATVIA,1
10011,YUGOSLAVIA,1
10011,WEST VIRGINIA,28
10011,PHILIPPINES,3
10011,HONG KONG,21
10011,BRITISH COLUMBIA,10
10011,ECUADOR,1
10011,,29
10011,MARYLAND,803
10011,GERMANY,9
10011,MICHIGAN,470
10011,BERMUDA,14
10011,NEW BRUNSWICK,2
10011,DELAWARE,25602
10011,WISCONSIN,240
10011,SWITZERLAND,13
10011,UNITED ARAB EMIRATES,1
10011,SOVIET UNION,2
10011,SPAIN,4
10011,UTAH,79
10011,WALES,4
10011,VERMONT,59
10011,MISSISSIPPI,34
10011,IRELAND,4
10011,RHODE ISLAND,96
10011,TEXAS,914
10011,KENTUCKY,109
10011,ALL OTHERS,15
10011,ISRAEL,1
10011,OKLAHOMA,130
10011,PENNSYLVANIA,969
10011,AUSTRALIA,8
10011,DOMINICAN REPUBLIC,1
10011,NORTH DAKOTA,23
10011,OREGON,130
10011,CYPRUS,3
10011,MINNESOTA,440
10011,WEST INDIES,1
10011,MISSOURI,291
10011,MAINE,79
10011,VIRGINIA,420
10011,NETHERLANDS ANTILLES,32
10011,ITALY,6
10011,CALIFORNIA,1431
10011,SOUTH CAROLINA,96
10011,WYOMING,37
10011,WASHINGTON,263
10011,DISTRICT OF COLUMBIA,115
10011,BARBADOS,1
10011,PANAMA,25
10011,MEXICO,3
10011,BRITISH VIRGIN ISLANDS,63
10011,ALASKA,26
10011,SINGAPORE,15
10011,LIBERIA,14
10011,MASSACHUSETTS,749
10011,OHIO,746
10011,PERU,1
10011,SOUTH AFRICA,1
10011,NORWAY,9
10011,QUEBEC,4
10011,NEBRASKA,77
10012,NEVADA,18
10012,AUSTRALIA,2
10012,,5
10012,MICHIGAN,13
10012,NEW JERSEY,92
10012,GABON,2
10012,CALIFORNIA,57
10012,INDIA,1
10012,RHODE ISLAND,1
10012,HONG KONG,1
10012,BERMUDA,1
10012,ALABAMA,1
10012,ILLINOIS,17
10012,COLORADO,5
10012,JAPAN,2
10012,MASSACHUSETTS,12
10012,SWEDEN,1
10012,NEW MEXICO,1
10012,GEORGIA,5
10012,MINNESOTA,1
10012,DELAWARE,1051
10012,SOUTH CAROLINA,2
10012,QUEBEC,1
10012,BAHAMA ISLANDS,2
10012,DISTRICT OF COLUMBIA,7
10012,CANADA,1
10012,MISSOURI,1
10012,WASHINGTON,1
10012,MAINE,3
10012,SOVIET UNION,1
10012,INDIANA,1
10012,KOREA,2
10012,NEBRASKA,1
10012,MARYLAND,8
10012,ENGLAND-WALES,1
10012,PENNSYLVANIA,10
10012,WISCONSIN,2
10012,SWITZERLAND,1
10012,WEST INDIES,1
10012,LOUISIANA,1
10012,ENGLAND,1
10012,VIRGINIA,7
10012,KENTUCKY,1
10012,OHIO,11
10012,FLORIDA,20
10012,KANSAS,1
10012,ITALY,1
10012,ARIZONA,1
10012,CONNECTICUT,18
10012,NORTH CAROLINA,6
10012,FRANCE,1
10012,CAYMAN ISLANDS,3
10012,NEW HAMPSHIRE,2
10012,TEXAS,4
10013,MAINE,6
10013,PENNSYLVANIA,55
10013,WISCONSIN,5
10013,NEW JERSEY,375
10013,UNITED KINGDOM,2
10013,CONNECTICUT,43
10013,INDIANA,8
10013,ALASKA,1
10013,MONTANA,1
10013,FLORIDA,30
10013,NEW HAMPSHIRE,2
10013,NORWAY,1
10013,KANSAS,3
10013,OREGON,2
10013,GEORGIA,13
10013,CUBA,2
10013,KENTUCKY,5
10013,WALES,1
10013,VIRGINIA,10
10013,SOUTH CAROLINA,7
10013,GABON,5
10013,US VIRGIN ISLANDS,1
10013,NORTH CAROLINA,2
10013,ARKANSAS,1
10013,WYOMING,3
10013,PANAMA,2
10013,LOUISIANA,2
10013,VERMONT,2
10013,CALIFORNIA,63
10013,COLORADO,2
10013,DELAWARE,1353
10013,HONG KONG,2
10013,WASHINGTON,4
10013,ALABAMA,5
10013,NETHERLANDS,2
10013,GERMANY,2
10013,ALL OTHERS,1
10013,BRITISH VIRGIN ISLANDS,6
10013,SOUTH DAKOTA,1
10013,ENGLAND,4
10013,,26
10013,ENGLAND-WALES,3
10013,IRELAND,1
10013,HAWAII,3
10013,TENNESSEE,1
10013,PHILIPPINES,1
10013,ARIZONA,4
10013,DISTRICT OF COLUMBIA,7
10013,MINNESOTA,3
10013,OHIO,14
10013,IDAHO,1
10013,AUSTRIA,1
10013,NEVADA,20
10013,RHODE ISLAND,6
10013,TEXAS,14
10013,KOREA,1
10013,ILLINOIS,41
10013,MISSOURI,5
10013,NEW MEXICO,1
10013,NETHERLANDS ANTILLES,1
10013,MASSACHUSETTS,24
10013,MARYLAND,14
10013,SOVIET UNION,1
10013,MICHIGAN,4
10013,FRANCE,3
10013,CAYMAN ISLANDS,1
10013,IOWA,5
10013,PUERTO RICO,1
10013,CANADA,1
10013,JAPAN,5
10014,RHODE ISLAND,2
10014,MASSACHUSETTS,8
10014,SOVIET UNION,1
10014,WASHINGTON,1
10014,OHIO,9
10014,IOWA,1
10014,ARIZONA,1
10014,VIRGINIA,6
10014,ALABAMA,1
10014,NEW HAMPSHIRE,1
10014,TENNESSEE,1
10014,FRANCE,1
10014,GEORGIA,6
10014,TEXAS,3
10014,CANADA,1
10014,GABON,2
10014,UTAH,1
10014,FLORIDA,13
10014,ENGLAND,1
10014,CAYMAN ISLANDS,2
10014,IDAHO,2
10014,NEBRASKA,1
10014,SOUTH CAROLINA,1
10014,MISSOURI,2
10014,NORTH CAROLINA,4
10014,DELAWARE,698
10014,MISSISSIPPI,1
10014,DISTRICT OF COLUMBIA,4
10014,MARYLAND,3
10014,NEVADA,11
10014,IRELAND,2
10014,ILLINOIS,10
10014,ITALY,1
10014,MICHIGAN,5
10014,MAINE,1
10014,UNITED KINGDOM,1
10014,VERMONT,1
10014,CONNECTICUT,6
10014,COLORADO,2
10014,PENNSYLVANIA,20
10014,NEW JERSEY,89
10014,OREGON,1
10014,KENTUCKY,2
10014,JAPAN,1
10014,WYOMING,3
10014,SPAIN,1
10014,,4
10014,WEST VIRGINIA,1
10014,ENGLAND-WALES,2
10014,CYPRUS,1
10014,MINNESOTA,1
10014,ALASKA,1
10014,CALIFORNIA,30
10015,MARYLAND,2
10015,DELAWARE,17
10015,NEW JERSEY,1
10016,NEW MEXICO,1
10016,ALABAMA,14
10016,INDONESIA,1
10016,SINGAPORE,3
10016,KENTUCKY,3
10016,COLORADO,19
10016,CHANNEL ISLANDS,1
10016,MASSACHUSETTS,87
10016,WEST VIRGINIA,2
10016,NORWAY,1
10016,NEW HAMPSHIRE,9
10016,WYOMING,6
10016,VIRGINIA,39
10016,MICHIGAN,21
10016,CYPRUS,2
10016,SWITZERLAND,1
10016,RUSSIA,1
10016,GABON,1
10016,KANSAS,7
10016,LIECHTENSTEIN,1
10016,MONTANA,2
10016,BRITISH VIRGIN ISLANDS,9
10016,TENNESSEE,27
10016,TEXAS,64
10016,JAPAN,8
10016,AUSTRALIA,8
10016,ALASKA,2
10016,OREGON,8
10016,FLORIDA,143
10016,FINLAND,1
10016,NEW JERSEY,474
10016,CAYMAN ISLANDS,7
10016,NEBRASKA,5
10016,ALL OTHERS,5
10016,FRANCE,1
10016,ENGLAND,5
10016,NEVADA,56
10016,INDIA,8
10016,ISRAEL,3
10016,HONG KONG,4
10016,INDIANA,26
10016,RHODE ISLAND,11
10016,MARYLAND,69
10016,ARMED SERVICES AMERICAS,1
10016,ITALY,3
10016,MISSOURI,16
10016,PANAMA,5
10016,CALIFORNIA,146
10016,HAWAII,4
10016,KOREA,9
10016,SPAIN,1
10016,VERMONT,4
10016,AUSTRIA,1
10016,OKLAHOMA,9
10016,US VIRGIN ISLANDS,2
10016,OHIO,38
10016,SOUTH AFRICA,1
10016,CHINA,1
10016,EL SALVADOR,1
10016,ARIZONA,8
10016,SWEDEN,1
10016,EGYPT,1
10016,CANADA,10
10016,LOUISIANA,11
10016,NORTH CAROLINA,32
10016,DELAWARE,4354
10016,SOUTH CAROLINA,13
10016,IRAN,2
10016,MINNESOTA,16
10016,NETHERLANDS ANTILLES,8
10016,DISTRICT OF COLUMBIA,29
10016,WISCONSIN,12
10016,BAHAMA ISLANDS,4
10016,PENNSYLVANIA,115
10016,GERMANY,5
10016,MISSISSIPPI,2
10016,GEORGIA,53
10016,ENGLAND-WALES,5
10016,IDAHO,4
10016,UNITED KINGDOM,2
10016,CONNECTICUT,94
10016,NETHERLANDS,1
10016,UTAH,13
10016,LIBERIA,5
10016,ONTARIO,4
10016,MAINE,5
10016,WASHINGTON,23
10016,ARKANSAS,6
10016,ILLINOIS,85
10016,DENMARK,1
10016,,42
10016,BERMUDA,3
10016,SCOTLAND,1
10016,LUXEMBOURG,1
10016,SOVIET UNION,4
10016,IOWA,7
10016,WEST GERMANY,1
10017,RHODE ISLAND,36
10017,TEXAS,142
10017,SCOTLAND,2
10017,PHILIPPINES,1
10017,TURKEY,2
10017,NEW JERSEY,809
10017,VENEZUELA,1
10017,MONTANA,3
10017,ALL OTHERS,8
10017,MARYLAND,254
10017,MISSOURI,53
10017,IOWA,7
10017,ENGLAND,16
10017,CHANNEL ISLANDS,1
10017,WEST INDIES,1
10017,JAPAN,20
10017,AUSTRIA,1
10017,KANSAS,10
10017,ISLE OF MAN,1
10017,NEBRASKA,16
10017,NETHERLANDS,6
10017,ENGLAND-WALES,4
10017,MAINE,34
10017,SWITZERLAND,13
10017,MICHIGAN,119
10017,SAUDI ARABIA,3
10017,CAYMAN ISLANDS,30
10017,SOUTH CAROLINA,6
10017,INDONESIA,4
10017,CHINA,5
10017,FRANCE,3
10017,INDIANA,33
10017,ONTARIO,2
10017,NEVADA,156
10017,PUERTO RICO,5
10017,MOROCCO,2
10017,NEW MEXICO,4
10017,SWEDEN,1
10017,UTAH,12
10017,COLORADO,57
10017,PANAMA,40
10017,MISSISSIPPI,4
10017,SOUTH AFRICA,1
10017,COSTA RICA,1
10017,TENNESSEE,34
10017,BOLIVIA,2
10017,WASHINGTON,33
10017,ARKANSAS,3
10017,MALTA,1
10017,ISRAEL,3
10017,IDAHO,1
10017,QUEBEC,1
10017,WEST VIRGINIA,3
10017,IRELAND,1
10017,VIRGINIA,53
10017,ITALY,4
10017,SPAIN,4
10017,VERMONT,8
10017,LUXEMBOURG,6
10017,ARIZONA,17
10017,LIBERIA,15
10017,POLAND,1
10017,DISTRICT OF COLUMBIA,56
10017,UNITED KINGDOM,4
10017,CALIFORNIA,385
10017,CUBA,1
10017,UPPER VOLTA,2
10017,GEORGIA,69
10017,LOUISIANA,9
10017,CHILE,1
10017,NEW BRUNSWICK,1
10017,KENTUCKY,16
10017,MINNESOTA,48
10017,VIETNAM,1
10017,BRITISH COLUMBIA,1
10017,DELAWARE,8850
10017,CANADA,9
10017,ALABAMA,11
10017,YUGOSLAVIA,1
10017,NETHERLANDS ANTILLES,58
10017,NEW HAMPSHIRE,30
10017,KUWAIT,1
10017,MARSHALL ISLANDS,4
10017,WISCONSIN,32
10017,,196
10017,PENNSYLVANIA,288
10017,ILLINOIS,189
10017,OKLAHOMA,14
10017,INDIA,5
10017,FLORIDA,179
10017,KOREA,15
10017,AUSTRALIA,5
10017,BRITISH VIRGIN ISLANDS,28
10017,BELGIUM,2
10017,US VIRGIN ISLANDS,5
10017,OREGON,15
10017,MASSACHUSETTS,225
10017,SOVIET UNION,1
10017,NORTH CAROLINA,34
10017,BERMUDA,5
10017,GABON,3
10017,HAWAII,6
10017,DENMARK,1
10017,BAHAMA ISLANDS,5
10017,GERMANY,5
10017,EL SALVADOR,1
10017,BRAZIL,7
10017,OHIO,230
10017,CONNECTICUT,224
10017,HONG KONG,4
10017,WYOMING,4
10017,SINGAPORE,6
10017,ALASKA,3
10018,OHIO,12
10018,ITALY,3
10018,FRANCE,3
10018,VIRGINIA,18
10018,BURMA,1
10018,CALIFORNIA,125
10018,CHINA,1
10018,NORTH DAKOTA,1
10018,NEVADA,43
10018,KOREA,28
10018,AUSTRALIA,1
10018,UTAH,2
10018,ENGLAND-WALES,8
10018,PERU,1
10018,HUNGARY,1
10018,MINNESOTA,4
10018,CAYMAN ISLANDS,3
10018,MASSACHUSETTS,53
10018,ALABAMA,6
10018,ARKANSAS,6
10018,BURUNDI,1
10018,YUGOSLAVIA,1
10018,JAMAICA,1
10018,PANAMA,2
10018,CANADA,4
10018,DELAWARE,2045
10018,WYOMING,4
10018,GABON,1
10018,BRITISH VIRGIN ISLANDS,11
10018,SINGAPORE,2
10018,ALL OTHERS,8
10018,NETHERLANDS ANTILLES,7
10018,IOWA,1
10018,BERMUDA,2
10018,NEBRASKA,1
10018,BRAZIL,1
10018,NEW HAMPSHIRE,5
10018,CONNECTICUT,56
10018,MISSOURI,8
10018,WISCONSIN,3
10018,KANSAS,2
10018,ILLINOIS,25
10018,SPAIN,1
10018,NORTH CAROLINA,22
10018,LUXEMBOURG,1
10018,SOVIET UNION,1
10018,COLORADO,6
10018,LIBERIA,1
10018,FLORIDA,57
10018,OREGON,2
10018,NEW JERSEY,503
10018,PENNSYLVANIA,80
10018,ALASKA,1
10018,OKLAHOMA,1
10018,ARGENTINA,1
10018,KENTUCKY,1
10018,RHODE ISLAND,12
10018,HONG KONG,4
10018,QUEBEC,1
10018,GEORGIA,13
10018,GUATEMALA,1
10018,MISSISSIPPI,1
10018,JAPAN,4
10018,WASHINGTON,5
10018,,27
10018,EL SALVADOR,3
10018,TEXAS,25
10018,ENGLAND,4
10018,TENNESSEE,6
10018,ARIZONA,6
10018,ISRAEL,2
10018,DISTRICT OF COLUMBIA,10
10018,BOLIVIA,2
10018,INDIA,11
10018,SWITZERLAND,6
10018,GUAM,1
10018,VERMONT,4
10018,MICHIGAN,8
10018,SWEDEN,1
10018,UNITED KINGDOM,1
10018,SOUTH CAROLINA,8
10018,MARYLAND,22
10018,US VIRGIN ISLANDS,2
10018,WEST VIRGINIA,2
10018,MAINE,2
10018,CYPRUS,3
10019,SIKKIM,1
10019,CZECHOSLOVAKIA,1
10019,ALASKA,4
10019,BAHAMA ISLANDS,4
10019,COLORADO,87
10019,ARKANSAS,11
10019,MINNESOTA,107
10019,ENGLAND-WALES,2
10019,ANGUILLA,27
10019,GERMANY,4
10019,HAWAII,8
10019,WISCONSIN,65
10019,FINLAND,2
10019,SOVIET UNION,1
10019,HONG KONG,8
10019,IOWA,33
10019,BOLIVIA,1
10019,ILLINOIS,254
10019,NEBRASKA,26
10019,KANSAS,39
10019,COLOMBIA,1
10019,LOUISIANA,22
10019,VERMONT,19
10019,OHIO,320
10019,INDIA,1
10019,ISRAEL,2
10019,TENNESSEE,61
10019,GABON,2
10019,WEST VIRGINIA,12
10019,NETHERLANDS ANTILLES,16
10019,,96
10019,MONTANA,4
10019,SOUTH CAROLINA,21
10019,WYOMING,11
10019,SINGAPORE,4
10019,MARSHALL ISLANDS,11
10019,ALABAMA,41
10019,BULGARIA,1
10019,IRAN,1
10019,IDAHO,8
10019,SOUTH DAKOTA,4
10019,WEST GERMANY,1
10019,DELAWARE,11245
10019,CANADA,23
10019,INDONESIA,2
10019,CUBA,1
10019,FLORIDA,261
10019,ENGLAND,23
10019,YUGOSLAVIA,1
10019,LIBERIA,4
10019,NORWAY,3
10019,IRELAND,2
10019,NORTH CAROLINA,84
10019,JAPAN,19
10019,QUEBEC,1
10019,RHODE ISLAND,49
10019,NORTH DAKOTA,4
10019,BELGIUM,3
10019,LIECHTENSTEIN,1
10019,OKLAHOMA,46
10019,NEW JERSEY,594
10019,INDIANA,48
10019,FRANCE,7
10019,ITALY,5
10019,CONNECTICUT,221
10019,CALIFORNIA,822
10019,CYPRUS,2
10019,WEST INDIES,1
10019,VIRGINIA,120
10019,SWAZILAND,1
10019,MAINE,22
10019,MEXICO,4
10019,BRITISH VIRGIN ISLANDS,13
10019,BERMUDA,8
10019,BARBADOS,1
10019,BRITISH COLUMBIA,1
10019,GEORGIA,137
10019,MISSOURI,86
10019,ALBERTA,1
10019,US VIRGIN ISLANDS,6
10019,CAYMAN ISLANDS,222
10019,NEW HAMPSHIRE,37
10019,MARYLAND,284
10019,UNITED KINGDOM,1
10019,DISTRICT OF COLUMBIA,65
10019,ARIZONA,33
10019,VENEZUELA,1
10019,LEBANON,1
10019,SWITZERLAND,3
10019,MICHIGAN,171
10019,ALL OTHERS,13
10019,CHILE,1
10019,MASSACHUSETTS,323
10019,GREECE,1
10019,MISSISSIPPI,8
10019,ONTARIO,4
10019,KENTUCKY,25
10019,TEXAS,412
10019,UTAH,22
10019,ARGENTINA,3
10019,PENNSYLVANIA,389
10019,NEW MEXICO,15
10019,NEVADA,167
10019,PUERTO RICO,1
10019,NETHERLANDS,6
10019,WASHINGTON,74
10019,KOREA,7
10019,PANAMA,13
10019,OREGON,33
10020,ALABAMA,1
10020,MASSACHUSETTS,6
10020,WEST VIRGINIA,1
10020,NORWAY,4
10020,,12
10020,MICHIGAN,2
10020,MINNESOTA,2
10020,DOMINICAN REPUBLIC,1
10020,DELAWARE,1309
10020,GEORGIA,1
10020,SWEDEN,1
10020,ENGLAND,3
10020,ALBERTA,1
10020,IRELAND,1
10020,WALES,1
10020,US VIRGIN ISLANDS,1
10020,SOUTH CAROLINA,1
10020,DISTRICT OF COLUMBIA,4
10020,ARIZONA,1
10020,FRANCE,2
10020,TENNESSEE,2
10020,CAYMAN ISLANDS,7
10020,CONNECTICUT,10
10020,ENGLAND-WALES,1
10020,VIRGINIA,2
10020,JAPAN,6
10020,BRITISH VIRGIN ISLANDS,2
10020,BERMUDA,1
10020,MARYLAND,27
10020,NEW YORK,1
10020,LIBERIA,1
10020,NEW JERSEY,29
10020,MISSOURI,1
10020,SCOTLAND,1
10020,HONG KONG,2
10020,KANSAS,1
10020,MALAYSIA,1
10020,BOLIVIA,1
10020,COLORADO,2
10020,YEMEN,1
10020,INDIA,1
10020,ALL OTHERS,4
10020,PENNSYLVANIA,10
10020,NEVADA,3
10020,NETHERLANDS,2
10020,LUXEMBOURG,1
10020,AUSTRALIA,1
10020,SPAIN,1
10020,INDIANA,1
10020,NETHERLANDS ANTILLES,9
10020,NEW HAMPSHIRE,2
10020,TEXAS,3
10020,RHODE ISLAND,1
10020,BAHAMA ISLANDS,1
10020,PANAMA,3
10020,GABON,2
10020,KENTUCKY,1
10020,OHIO,6
10020,CALIFORNIA,23
10020,FLORIDA,8
10020,LIECHTENSTEIN,1
10020,ITALY,2
10020,NORTH CAROLINA,3
10020,KOREA,1
10020,IDAHO,2
10020,ILLINOIS,8
10020,WASHINGTON,2
10021,TEXAS,8
10021,KENTUCKY,1
10021,PANAMA,6
10021,ARKANSAS,1
10021,NEW JERSEY,101
10021,NEW MEXICO,2
10021,HUNGARY,1
10021,WYOMING,2
10021,MARYLAND,5
10021,MISSOURI,2
10021,VIRGINIA,10
10021,ARIZONA,3
10021,WISCONSIN,1
10021,HAWAII,1
10021,RHODE ISLAND,3
10021,DELAWARE,1596
10021,INDONESIA,1
10021,CONNECTICUT,38
10021,LIBERIA,1
10021,MICHIGAN,5
10021,ALABAMA,2
10021,OHIO,7
10021,UTAH,1
10021,CHINA,1
10021,PENNSYLVANIA,19
10021,KOREA,1
10021,WASHINGTON,2
10021,IDAHO,3
10021,,18
10021,BAHAMA ISLANDS,1
10021,BRAZIL,1
10021,CAYMAN ISLANDS,7
10021,NORTH CAROLINA,1
10021,DISTRICT OF COLUMBIA,10
10021,CANADA,4
10021,HONG KONG,3
10021,OKLAHOMA,2
10021,NETHERLANDS,1
10021,ENGLAND,1
10021,GEORGIA,6
10021,JAPAN,2
10021,NEVADA,25
10021,TENNESSEE,1
10021,MASSACHUSETTS,10
10021,ITALY,1
10021,NETHERLANDS ANTILLES,7
10021,CALIFORNIA,33
10021,NEBRASKA,1
10021,MAINE,1
10021,BRITISH VIRGIN ISLANDS,6
10021,INDIANA,1
10021,COLORADO,4
10021,ILLINOIS,6
10021,FLORIDA,46
10021,US VIRGIN ISLANDS,1
10021,NEW HAMPSHIRE,5
10021,UNITED KINGDOM,2
10022,ARKANSAS,7
10022,MARYLAND,57
10022,PANAMA,38
10022,WYOMING,7
10022,ANGUILLA,1
10022,PENNSYLVANIA,77
10022,SWITZERLAND,5
10022,ENGLAND-WALES,5
10022,MARSHALL ISLANDS,8
10022,ISRAEL,1
10022,NEW MEXICO,2
10022,DENMARK,2
10022,SWEDEN,2
10022,TENNESSEE,6
10022,VENEZUELA,2
10022,BERMUDA,12
10022,ALL OTHERS,17
10022,LIBERIA,4
10022,MINNESOTA,9
10022,MASSACHUSETTS,63
10022,UTAH,8
10022,BARBADOS,1
10022,FINLAND,1
10022,MISSISSIPPI,1
10022,RHODE ISLAND,5
10022,FLORIDA,169
10022,GREECE,2
10022,KOREA,8
10022,NEVADA,131
10022,NORWAY,1
10022,OKLAHOMA,3
10022,COLORADO,22
10022,BELGIUM,1
10022,UPPER VOLTA,1
10022,PUERTO RICO,2
10022,VIRGINIA,16
10022,AUSTRALIA,4
10022,BRITISH VIRGIN ISLANDS,36
10022,ARGENTINA,2
10022,ECUADOR,1
10022,NORTH CAROLINA,21
10022,SPAIN,2
10022,KANSAS,3
10022,FRANCE,7
10022,IRELAND,10
10022,INDIA,6
10022,WALES,1
10022,NIGER,1
10022,BRITISH COLUMBIA,2
10022,PORTUGAL,2
10022,NEBRASKA,2
10022,CANADA,29
10022,MAINE,6
10022,HONG KONG,3
10022,ALBERTA,3
10022,MICHIGAN,18
10022,UNITED KINGDOM,4
10022,MISSOURI,5
10022,ENGLAND,17
10022,CONNECTICUT,181
10022,CAYMAN ISLANDS,81
10022,RUSSIA,1
10022,ARIZONA,9
10022,ISLE OF MAN,1
10022,DISTRICT OF COLUMBIA,23
10022,IRAN,1
10022,HAWAII,7
10022,PAKISTAN,2
10022,BAHAMA ISLANDS,10
10022,DOMINICAN REPUBLIC,2
10022,DELAWARE,12728
10022,,142
10022,ALABAMA,2
10022,NEW JERSEY,376
10022,OREGON,2
10022,BOLIVIA,2
10022,INDIANA,5
10022,GEORGIA,23
10022,KENTUCKY,4
10022,IDAHO,2
10022,TEXAS,53
10022,LUXEMBOURG,1
10022,NETHERLANDS,9
10022,PHILIPPINES,1
10022,ILLINOIS,47
10022,CALIFORNIA,197
10022,US VIRGIN ISLANDS,5
10022,ITALY,20
10022,JAPAN,53
10022,WISCONSIN,7
10022,GERMANY,4
10022,PERU,1
10022,SOVIET UNION,3
10022,OHIO,38
10022,SIKKIM,1
10022,LOUISIANA,10
10022,CHANNEL ISLANDS,2
10022,SOUTH CAROLINA,1
10022,VERMONT,4
10022,CHINA,1
10022,SINGAPORE,2
10022,WASHINGTON,9
10022,NETHERLANDS ANTILLES,43
10022,ONTARIO,5
10022,NEW HAMPSHIRE,2
10023,MISSOURI,11
10023,ARIZONA,1
10023,NORTH CAROLINA,6
10023,MINNESOTA,15
10023,TEXAS,35
10023,NEW JERSEY,136
10023,OKLAHOMA,2
10023,NETHERLANDS ANTILLES,1
10023,SOUTH CAROLINA,2
10023,AUSTRALIA,2
10023,WASHINGTON,5
10023,PANAMA,3
10023,MISSISSIPPI,2
10023,UPPER VOLTA,1
10023,UTAH,7
10023,HAWAII,2
10023,COLORADO,7
10023,ILLINOIS,66
10023,INDIANA,9
10023,ALL OTHERS,4
10023,IOWA,5
10023,OREGON,4
10023,CALIFORNIA,178
10023,UNITED KINGDOM,1
10023,KENTUCKY,4
10023,PENNSYLVANIA,44
10023,HAITI,1
10023,ALABAMA,2
10023,CONNECTICUT,31
10023,BRITISH VIRGIN ISLANDS,7
10023,MAINE,4
10023,DISTRICT OF COLUMBIA,10
10023,BAHAMA ISLANDS,2
10023,SOUTH DAKOTA,4
10023,LIBERIA,2
10023,FRANCE,2
10023,,18
10023,MASSACHUSETTS,86
10023,WISCONSIN,3
10023,VERMONT,1
10023,NEBRASKA,1
10023,BELGIUM,1
10023,NEVADA,40
10023,VENEZUELA,1
10023,ENGLAND,3
10023,MICHIGAN,10
10023,CAYMAN ISLANDS,1
10023,ISRAEL,1
10023,RHODE ISLAND,3
10023,FLORIDA,47
10023,ONTARIO,1
10023,GHANA,1
10023,MARYLAND,31
10023,MONTANA,1
10023,KANSAS,2
10023,GEORGIA,17
10023,CANADA,4
10023,ITALY,2
10023,VIRGINIA,16
10023,DELAWARE,2188
10023,NEW HAMPSHIRE,3
10023,OHIO,20
10023,LOUISIANA,2
10023,WYOMING,2
10023,ALASKA,1
10023,TENNESSEE,2
10023,JAPAN,3
10024,TEXAS,8
10024,OREGON,1
10024,CONNECTICUT,6
10024,FLORIDA,17
10024,OKLAHOMA,1
10024,JAPAN,1
10024,NORWAY,1
10024,LOUISIANA,1
10024,NORTH CAROLINA,3
10024,NEVADA,8
10024,BAHAMA ISLANDS,1
10024,PENNSYLVANIA,7
10024,NEW HAMPSHIRE,3
10024,HAWAII,1
10024,ONTARIO,1
10024,KOREA,1
10024,OHIO,2
10024,WASHINGTON,3
10024,NETHERLANDS ANTILLES,1
10024,DELAWARE,501
10024,NEW MEXICO,1
10024,DISTRICT OF COLUMBIA,6
10024,MINNESOTA,2
10024,MASSACHUSETTS,8
10024,CALIFORNIA,15
10024,ENGLAND,3
10024,ISRAEL,1
10024,MICHIGAN,4
10024,CUBA,1
10024,ALBERTA,1
10024,SWITZERLAND,1
10024,ILLINOIS,11
10024,SOVIET UNION,1
10024,PANAMA,2
10024,TENNESSEE,1
10024,VERMONT,1
10024,GEORGIA,4
10024,PUERTO RICO,1
10024,NEW JERSEY,55
10024,CANADA,2
10024,,3
10024,WYOMING,2
10024,VIRGINIA,1
10024,HONG KONG,1
10024,MARYLAND,2
10025,WEST VIRGINIA,1
10025,CALIFORNIA,15
10025,VIRGINIA,3
10025,OREGON,1
10025,GEORGIA,1
10025,MISSOURI,2
10025,CAYMAN ISLANDS,1
10025,COLORADO,3
10025,ARIZONA,1
10025,NEW JERSEY,41
10025,NETHERLANDS ANTILLES,1
10025,TENNESSEE,2
10025,DISTRICT OF COLUMBIA,5
10025,DELAWARE,404
10025,NEW MEXICO,1
10025,TEXAS,3
10025,MARYLAND,6
10025,WASHINGTON,1
10025,KOREA,1
10025,VERMONT,4
10025,CONNECTICUT,9
10025,,2
10025,OHIO,3
10025,MASSACHUSETTS,4
10025,ILLINOIS,5
10025,MINNESOTA,1
10025,AUSTRALIA,1
10025,BERMUDA,1
10025,PENNSYLVANIA,8
10025,NORTH CAROLINA,1
10025,FLORIDA,14
10025,WYOMING,2
10025,NUNAVUT,1
10025,GABON,1
10025,NEVADA,21
10025,SOVIET UNION,1
10026,DISTRICT OF COLUMBIA,1
10026,ILLINOIS,1
10026,MICHIGAN,3
10026,KENTUCKY,1
10026,CONNECTICUT,1
10026,NORTH CAROLINA,1
10026,OREGON,1
10026,PANAMA,1
10026,CALIFORNIA,4
10026,DELAWARE,67
10026,NEW JERSEY,8
10026,PENNSYLVANIA,4
10026,NEVADA,8
10026,LIECHTENSTEIN,2
10026,INDIANA,1
10026,FLORIDA,1
10027,PENNSYLVANIA,5
10027,NEVADA,5
10027,,1
10027,VIRGINIA,4
10027,WISCONSIN,2
10027,DELAWARE,134
10027,LOUISIANA,1
10027,ALASKA,1
10027,JAPAN,1
10027,CONNECTICUT,2
10027,FLORIDA,1
10027,NEW JERSEY,25
10027,MISSOURI,1
10027,MICHIGAN,1
10027,CHINA,1
10027,MASSACHUSETTS,4
10027,DISTRICT OF COLUMBIA,2
10027,ILLINOIS,4
10028,HAITI,1
10028,SPAIN,1
10028,ILLINOIS,4
10028,NEVADA,12
10028,NEW JERSEY,39
10028,FLORIDA,13
10028,MARYLAND,6
10028,DISTRICT OF COLUMBIA,3
10028,DELAWARE,511
10028,CANADA,1
10028,NORTH CAROLINA,2
10028,MAINE,1
10028,TEXAS,5
10028,MISSOURI,1
10028,NEW HAMPSHIRE,1
10028,AUSTRIA,1
10028,VIRGINIA,5
10028,ALL OTHERS,1
10028,MASSACHUSETTS,7
10028,NETHERLANDS ANTILLES,2
10028,NEW MEXICO,1
10028,LOUISIANA,1
10028,GEORGIA,4
10028,GERMANY,1
10028,ARIZONA,2
10028,OHIO,1
10028,UTAH,1
10028,WASHINGTON,2
10028,OREGON,2
10028,MONTANA,1
10028,COLORADO,4
10028,KOREA,1
10028,PANAMA,8
10028,OKLAHOMA,1
10028,IOWA,3
10028,WEST VIRGINIA,1
10028,,3
10028,MICHIGAN,4
10028,CALIFORNIA,10
10028,CONNECTICUT,5
10028,SWITZERLAND,1
10028,HAWAII,1
10028,WISCONSIN,1
10028,PENNSYLVANIA,5
10029,PUERTO RICO,1
10029,LIBERIA,2
10029,MARYLAND,1
10029,RHODE ISLAND,1
10029,NEW JERSEY,19
10029,ONTARIO,1
10029,NEVADA,1
10029,PENNSYLVANIA,2
10029,CALIFORNIA,4
10029,BRITISH COLUMBIA,1
10029,DELAWARE,77
10029,MASSACHUSETTS,2
10029,ILLINOIS,1
10029,NORTH CAROLINA,1
10029,GEORGIA,1
10029,FLORIDA,3
10029,OHIO,2
10029,WEST VIRGINIA,1
10029,CANADA,1
10029,INDIA,1
10029,MICHIGAN,1
10029,CONNECTICUT,1
10030,DISTRICT OF COLUMBIA,2
10030,TEXAS,1
10030,GEORGIA,1
10030,PENNSYLVANIA,2
10030,JAMAICA,1
10030,LIBERIA,1
10030,NEVADA,1
10030,NEW JERSEY,7
10030,MASSACHUSETTS,1
10030,DELAWARE,39
10030,CALIFORNIA,4
10030,CONNECTICUT,1
10030,NIGERIA,1
10030,WASHINGTON,1
10031,UNITED KINGDOM,1
10031,WYOMING,3
10031,DISTRICT OF COLUMBIA,1
10031,ILLINOIS,3
10031,WISCONSIN,1
10031,PENNSYLVANIA,1
10031,NEVADA,2
10031,COLORADO,1
10031,UTAH,1
10031,CALIFORNIA,1
10031,MINNESOTA,1
10031,DELAWARE,44
10031,TEXAS,1
10031,DOMINICAN REPUBLIC,1
10031,LOUISIANA,2
10031,FLORIDA,1
10031,MASSACHUSETTS,2
10031,NEW JERSEY,9
10032,COLORADO,1
10032,TEXAS,1
10032,PENNSYLVANIA,1
10032,DELAWARE,61
10032,ARIZONA,1
10032,NEW JERSEY,10
10032,MARYLAND,1
10032,ARKANSAS,1
10032,FLORIDA,4
10032,CALIFORNIA,2
10032,WEST VIRGINIA,1
10032,CONNECTICUT,1
10032,ILLINOIS,1
10032,NEVADA,4
10032,DISTRICT OF COLUMBIA,2
10032,,1
10032,INDIANA,1
10033,SOUTH CAROLINA,2
10033,FLORIDA,8
10033,MASSACHUSETTS,3
10033,CALIFORNIA,1
10033,ALABAMA,1
10033,DELAWARE,46
10033,BRITISH COLUMBIA,1
10033,ALL OTHERS,1
10033,PENNSYLVANIA,2
10033,NEVADA,1
10033,NEW JERSEY,10
10033,,2
10033,OREGON,1
10033,MICHIGAN,1
10033,MEXICO,1
10033,WYOMING,1
10033,DOMINICAN REPUBLIC,1
10033,ITALY,1
10033,WASHINGTON,1
10034,NORTH CAROLINA,2
10034,CALIFORNIA,1
10034,WYOMING,2
10034,DELAWARE,27
10034,ARIZONA,1
10034,DISTRICT OF COLUMBIA,1
10034,NEW JERSEY,14
10034,NEVADA,2
10034,FLORIDA,1
10034,PENNSYLVANIA,3
10034,CONNECTICUT,3
10035,NEW JERSEY,17
10035,CALIFORNIA,1
10035,PENNSYLVANIA,2
10035,WASHINGTON,1
10035,DELAWARE,43
10035,MICHIGAN,1
10035,FLORIDA,1
10035,,1
10035,OHIO,2
10035,TEXAS,1
10035,SWITZERLAND,1
10035,MARYLAND,1
10035,PUERTO RICO,1
10036,BRAZIL,2
10036,JAPAN,15
10036,NORTH CAROLINA,8
10036,,56
10036,ROMANIA,1
10036,CAYMAN ISLANDS,33
10036,GREECE,1
10036,NEVADA,44
10036,MARSHALL ISLANDS,31
10036,MINNESOTA,15
10036,ALL OTHERS,15
10036,ARGENTINA,1
10036,NETHERLANDS,4
10036,BAHAMA ISLANDS,1
10036,DENMARK,1
10036,MOROCCO,1
10036,INDIA,2
10036,SWAZILAND,1
10036,UNITED KINGDOM,2
10036,CHILE,1
10036,SCOTLAND,1
10036,PORTUGAL,1
10036,NEBRASKA,2
10036,KOREA,10
10036,TEXAS,20
10036,WASHINGTON,6
10036,US VIRGIN ISLANDS,1
10036,MALTA,3
10036,MICHIGAN,13
10036,COLORADO,4
10036,ALABAMA,1
10036,MASSACHUSETTS,34
10036,RHODE ISLAND,4
10036,NORTHERN IRELAND,1
10036,PENNSYLVANIA,60
10036,OKLAHOMA,1
10036,ILLINOIS,49
10036,SPAIN,5
10036,NEW MEXICO,1
10036,MONTANA,1
10036,CYPRUS,1
10036,CANADA,2
10036,SWITZERLAND,5
10036,MARYLAND,39
10036,NETHERLANDS ANTILLES,8
10036,VIRGINIA,13
10036,WISCONSIN,6
10036,DELAWARE,3486
10036,CONNECTICUT,62
10036,LIECHTENSTEIN,2
10036,WEST VIRGINIA,3
10036,JORDAN,1
10036,NIGERIA,8
10036,PANAMA,7
10036,THAILAND,1
10036,NEW JERSEY,386
10036,FLORIDA,68
10036,ISRAEL,4
10036,AUSTRALIA,6
10036,UTAH,1
10036,BRITISH VIRGIN ISLANDS,14
10036,GERMANY,6
10036,MISSISSIPPI,2
10036,MEXICO,1
10036,HONG KONG,16
10036,BOLIVIA,2
10036,ITALY,4
10036,VERMONT,2
10036,ENGLAND,8
10036,PUERTO RICO,3
10036,IOWA,1
10036,OHIO,17
10036,ARIZONA,4
10036,EGYPT,2
10036,URUGUAY,1
10036,INDIANA,8
10036,KENTUCKY,1
10036,WALES,1
10036,MAINE,5
10036,MARIANA ISLANDS,1
10036,CHINA,4
10036,DISTRICT OF COLUMBIA,13
10036,SOUTH CAROLINA,2
10036,CALIFORNIA,103
10036,SINGAPORE,14
10036,HAWAII,1
10036,TRINIDAD AND TOBAGO,1
10036,LOUISIANA,4
10036,TENNESSEE,2
10036,LIBERIA,19
10036,NEW HAMPSHIRE,1
10036,GEORGIA,17
10036,MISSOURI,8
10036,KANSAS,2
10036,ENGLAND-WALES,5
10037,MARYLAND,1
10037,CALIFORNIA,1
10037,CONNECTICUT,1
10037,NEVADA,3
10037,MAINE,2
10037,DELAWARE,29
10037,ILLINOIS,2
10037,NEW JERSEY,7
10037,MASSACHUSETTS,1
10037,FLORIDA,1
10038,NEVADA,16
10038,GEORGIA,4
10038,LIBERIA,1
10038,JAPAN,2
10038,HUNGARY,1
10038,ILLINOIS,49
10038,MISSOURI,2
10038,BAHAMA ISLANDS,2
10038,WEST INDIES,1
10038,TENNESSEE,1
10038,ARIZONA,7
10038,COLORADO,1
10038,PERU,1
10038,CANADA,3
10038,FLORIDA,38
10038,UNITED KINGDOM,1
10038,PANAMA,3
10038,NORTH CAROLINA,4
10038,BRITISH VIRGIN ISLANDS,21
10038,DELAWARE,996
10038,RHODE ISLAND,2
10038,MARSHALL ISLANDS,1
10038,GABON,1
10038,PUERTO RICO,2
10038,ONTARIO,2
10038,MISSISSIPPI,1
10038,WEST VIRGINIA,3
10038,ALABAMA,1
10038,,38
10038,ESTONIA,1
10038,LOUISIANA,3
10038,SWITZERLAND,4
10038,ENGLAND,1
10038,NEW HAMPSHIRE,1
10038,VERMONT,5
10038,INDIA,1
10038,ARKANSAS,1
10038,COSTA RICA,1
10038,CAYMAN ISLANDS,3
10038,OREGON,1
10038,MARYLAND,22
10038,UTAH,1
10038,DISTRICT OF COLUMBIA,8
10038,WYOMING,2
10038,HONG KONG,30
10038,PHILIPPINES,1
10038,MASSACHUSETTS,21
10038,WISCONSIN,4
10038,OHIO,22
10038,NEW JERSEY,523
10038,SOUTH DAKOTA,2
10038,WASHINGTON,6
10038,TEXAS,7
10038,CUBA,1
10038,CONNECTICUT,49
10038,MINNESOTA,5
10038,KENTUCKY,1
10038,SINGAPORE,2
10038,VIRGINIA,7
10038,CHINA,5
10038,OKLAHOMA,2
10038,PENNSYLVANIA,63
10038,MEXICO,1
10038,NETHERLANDS ANTILLES,3
10038,INDIANA,7
10038,NIGERIA,1
10038,CALIFORNIA,49
10038,MICHIGAN,8
10038,SOUTH CAROLINA,7
10038,MAINE,16
10038,KANSAS,1
10039,NEW JERSEY,6
10039,GEORGIA,3
10039,DELAWARE,13
10039,DISTRICT OF COLUMBIA,1
10039,MISSOURI,1
10039,NEVADA,1
10040,NEW JERSEY,8
10040,MICHIGAN,1
10040,DOMINICAN REPUBLIC,2
10040,FLORIDA,1
10040,PENNSYLVANIA,1
10040,OREGON,1
10040,ALL OTHERS,1
10040,GABON,1
10040,PUERTO RICO,1
10040,WYOMING,1
10040,DELAWARE,16
10040,SOVIET UNION,1
10040,,1
10040,CONNECTICUT,1
10041,MASSACHUSETTS,1
10041,NORTH CAROLINA,1
10041,MISSOURI,1
10041,NEW JERSEY,2
10041,DELAWARE,42
10041,MARYLAND,11
10041,WASHINGTON,1
10041,CONNECTICUT,1
10041,FLORIDA,1
10043,US VIRGIN ISLANDS,1
10043,,1
10043,TENNESSEE,1
10043,NETHERLANDS ANTILLES,2
10043,NEVADA,1
10043,DELAWARE,23
10044,DELAWARE,34
10044,MARYLAND,1
10044,NEW JERSEY,3
10044,CALIFORNIA,4
10044,VIRGINIA,1
10044,NORTH CAROLINA,1
10044,PENNSYLVANIA,1
10044,SOVIET UNION,1
10044,CONNECTICUT,1
10044,GEORGIA,1
10045,DELAWARE,8
10045,MARYLAND,1
10045,PENNSYLVANIA,3
10045,OHIO,1
10045,NEW JERSEY,4
10046,DELAWARE,1
10047,DELAWARE,1
10048,KENTUCKY,1
10048,CALIFORNIA,16
10048,CONNECTICUT,1
10048,UTAH,1
10048,KOREA,3
10048,CHINA,2
10048,NETHERLANDS ANTILLES,1
10048,FLORIDA,3
10048,DELAWARE,248
10048,MASSACHUSETTS,1
10048,MARSHALL ISLANDS,1
10048,ILLINOIS,2
10048,MARYLAND,20
10048,COLORADO,4
10048,VIRGINIA,4
10048,WASHINGTON,2
10048,JAPAN,2
10048,MICHIGAN,1
10048,CAYMAN ISLANDS,1
10048,PENNSYLVANIA,2
10048,NEVADA,6
10048,MAINE,1
10048,YUGOSLAVIA,1
10048,,10
10048,ROMANIA,1
10048,NEW JERSEY,29
10048,UNITED KINGDOM,1
10048,BRITISH VIRGIN ISLANDS,2
10048,SOVIET UNION,2
10048,RHODE ISLAND,1
10048,TEXAS,4
10048,GEORGIA,1
10048,ENGLAND,1
10048,CANADA,2
10055,NEVADA,1
10055,NEW JERSEY,1
10055,EL SALVADOR,1
10055,CALIFORNIA,1
10055,DELAWARE,91
10055,MARYLAND,5
10055,FRANCE,1
10055,TEXAS,1
10060,DELAWARE,3
10069,NEVADA,1
10069,NEW JERSEY,1
10069,FLORIDA,1
10069,DELAWARE,39
10069,ILLINOIS,2
10069,MICHIGAN,1
10069,CALIFORNIA,3
10069,MARYLAND,1
10072,CALIFORNIA,1
10072,DELAWARE,1
10080,CALIFORNIA,1
10080,MARYLAND,2
10080,PENNSYLVANIA,2
10080,,1
10080,CONNECTICUT,1
10080,DELAWARE,330
10081,DELAWARE,10
10082,MARYLAND,1
10082,DELAWARE,1
10082,NEVADA,1
10087,DELAWARE,1
10090,COLORADO,1
10096,PENNSYLVANIA,1
10101,OREGON,1
10101,ILLINOIS,3
10101,OHIO,1
10101,MARYLAND,1
10101,KENTUCKY,1
10101,DELAWARE,24
10101,CALIFORNIA,1
10101,TEXAS,3
10102,NEW JERSEY,1
10103,JAPAN,2
10103,MASSACHUSETTS,2
10103,DELAWARE,321
10103,,1
10103,CAYMAN ISLANDS,4
10103,MARYLAND,1
10103,PENNSYLVANIA,1
10103,GEORGIA,2
10103,FRANCE,1
10103,NORTH CAROLINA,1
10103,ENGLAND,1
10103,US VIRGIN ISLANDS,1
10103,AUSTRALIA,1
10103,CONNECTICUT,2
10103,HAWAII,1
10103,ONTARIO,1
10103,ILLINOIS,1
10103,NEW JERSEY,11
10103,NEVADA,2
10103,BRITISH VIRGIN ISLANDS,1
10103,RHODE ISLAND,1
10103,CALIFORNIA,2
10103,KOREA,1
10103,TEXAS,6
10103,FLORIDA,3
10104,MARYLAND,1
10104,OHIO,1
10104,PENNSYLVANIA,4
10104,CALIFORNIA,3
10104,,1
10104,BRITISH VIRGIN ISLANDS,1
10104,FLORIDA,3
10104,DELAWARE,128
10104,MICHIGAN,2
10104,GEORGIA,2
10104,SWITZERLAND,1
10104,RHODE ISLAND,1
10104,CONNECTICUT,3
10104,ILLINOIS,2
10104,MISSOURI,2
10104,JAPAN,10
10104,CANADA,1
10104,MINNESOTA,2
10104,NEW JERSEY,3
10104,NORTH CAROLINA,1
10104,TEXAS,1
10104,NEVADA,1
10105,VIRGINIA,1
10105,NEVADA,1
10105,RHODE ISLAND,1
10105,CONNECTICUT,2
10105,CANADA,1
10105,FLORIDA,1
10105,MARYLAND,35
10105,MICHIGAN,2
10105,,9
10105,NETHERLANDS ANTILLES,2
10105,PANAMA,2
10105,TEXAS,1
10105,CALIFORNIA,7
10105,OKLAHOMA,2
10105,MASSACHUSETTS,1
10105,GEORGIA,1
10105,DELAWARE,485
10105,COLORADO,1
10105,ILLINOIS,3
10105,NEW JERSEY,9
10105,UNITED KINGDOM,1
10106,OHIO,1
10106,ILLINOIS,1
10106,CAMEROON,1
10106,DISTRICT OF COLUMBIA,1
10106,CAYMAN ISLANDS,4
10106,RHODE ISLAND,1
10106,UTAH,1
10106,NEVADA,4
10106,PENNSYLVANIA,2
10106,MARYLAND,1
10106,BAHAMA ISLANDS,1
10106,IVORY COAST,1
10106,CALIFORNIA,2
10106,NORTH CAROLINA,1
10106,DELAWARE,194
10106,NEW JERSEY,9
10107,PENNSYLVANIA,1
10107,,1
10107,CONNECTICUT,2
10107,JAPAN,3
10107,NEVADA,1
10107,INDIANA,1
10107,DISTRICT OF COLUMBIA,1
10107,GEORGIA,1
10107,MASSACHUSETTS,2
10107,MICHIGAN,1
10107,DELAWARE,113
10107,DENMARK,1
10107,NEW JERSEY,14
10107,WISCONSIN,1
10107,FLORIDA,1
10107,LUXEMBOURG,1
10107,ILLINOIS,2
10107,VIRGINIA,1
10107,SOUTH DAKOTA,1
10107,MAINE,1
10107,CALIFORNIA,11
10107,WYOMING,2
10108,NEVADA,2
10108,DELAWARE,3
10108,CALIFORNIA,1
10108,NEW JERSEY,3
10109,FLORIDA,1
10109,BRITISH VIRGIN ISLANDS,2
10109,DELAWARE,1
10109,,1
10109,CALIFORNIA,1
10110,ILLINOIS,5
10110,NEW JERSEY,18
10110,MICHIGAN,1
10110,DELAWARE,220
10110,INDONESIA,1
10110,MAINE,1
10110,INDIANA,1
10110,NEBRASKA,1
10110,,10
10110,ARKANSAS,1
10110,MASSACHUSETTS,1
10110,BRAZIL,1
10110,GERMANY,2
10110,PENNSYLVANIA,5
10110,TENNESSEE,1
10110,KAZAKHSTAN,1
10110,CONNECTICUT,9
10110,URUGUAY,1
10110,ENGLAND,2
10110,NETHERLANDS ANTILLES,1
10110,TEXAS,1
10110,SOUTH CAROLINA,2
10110,NORTH CAROLINA,1
10110,FLORIDA,3
10110,OREGON,1
10110,NEVADA,2
10110,CALIFORNIA,8
10110,JAPAN,1
10110,HONG KONG,1
10110,BRITISH VIRGIN ISLANDS,1
10111,ILLINOIS,1
10111,MASSACHUSETTS,4
10111,KANSAS,1
10111,RHODE ISLAND,1
10111,FLORIDA,4
10111,VIRGINIA,1
10111,PENNSYLVANIA,1
10111,CHANNEL ISLANDS,1
10111,SOUTH CAROLINA,1
10111,TEXAS,10
10111,DELAWARE,398
10111,ITALY,1
10111,JAPAN,1
10111,NEVADA,2
10111,OHIO,6
10111,BRITISH VIRGIN ISLANDS,1
10111,ALL OTHERS,1
10111,CALIFORNIA,5
10111,GEORGIA,1
10111,NEW JERSEY,7
10111,CONNECTICUT,7
10111,COLORADO,1
10111,BERMUDA,1
10111,,1
10111,NETHERLANDS ANTILLES,1
10111,CANADA,1
10111,ARIZONA,1
10111,MARYLAND,8
10112,MARYLAND,5
10112,MISSOURI,1
10112,COLORADO,2
10112,NEW JERSEY,11
10112,INDIANA,1
10112,FRANCE,1
10112,LOUISIANA,1
10112,,5
10112,WASHINGTON,1
10112,NEW HAMPSHIRE,2
10112,MASSACHUSETTS,2
10112,FLORIDA,1
10112,PANAMA,3
10112,HAWAII,1
10112,DELAWARE,309
10112,EGYPT,1
10112,ILLINOIS,1
10112,PENNSYLVANIA,4
10112,CALIFORNIA,3
10112,TEXAS,1
10112,OHIO,1
10112,WYOMING,1
10112,HONG KONG,1
10112,MICHIGAN,1
10112,NEW ZEALAND,1
10112,CONNECTICUT,6
10113,MARYLAND,1
10113,DELAWARE,19
10113,DISTRICT OF COLUMBIA,1
10114,OKLAHOMA,1
10114,CAYMAN ISLANDS,1
10114,DELAWARE,13
10115,MARYLAND,1
10115,COLORADO,1
10115,MISSOURI,1
10115,GEORGIA,1
10115,DELAWARE,4
10115,NEW JERSEY,3
10115,PENNSYLVANIA,1
10115,CALIFORNIA,1
10115,MINNESOTA,1
10116,NEW JERSEY,2
10116,TEXAS,1
10116,ILLINOIS,1
10116,FLORIDA,1
10116,MARYLAND,1
10116,NEVADA,6
10116,DELAWARE,35
10116,CALIFORNIA,1
10116,PENNSYLVANIA,1
10116,MISSISSIPPI,1
10116,,2
10116,GEORGIA,1
10117,DELAWARE,5
10117,CALIFORNIA,1
10118,MINNESOTA,2
10118,VERMONT,2
10118,SOUTH CAROLINA,2
10118,CALIFORNIA,26
10118,LOUISIANA,2
10118,WASHINGTON,1
10118,GEORGIA,4
10118,MISSOURI,1
10118,KOREA,7
10118,UNITED KINGDOM,5
10118,FLORIDA,10
10118,NEW HAMPSHIRE,1
10118,ILLINOIS,3
10118,ARKANSAS,1
10118,INDIA,3
10118,RHODE ISLAND,5
10118,MARYLAND,4
10118,DISTRICT OF COLUMBIA,3
10118,PANAMA,2
10118,INDIANA,2
10118,HAWAII,1
10118,KENTUCKY,1
10118,CONNECTICUT,5
10118,DELAWARE,291
10118,NORTH CAROLINA,7
10118,CHINA,2
10118,MICHIGAN,4
10118,SINGAPORE,3
10118,PENNSYLVANIA,17
10118,NETHERLANDS ANTILLES,1
10118,,2
10118,WYOMING,1
10118,JAPAN,2
10118,ALL OTHERS,2
10118,WISCONSIN,1
10118,NETHERLANDS,1
10118,MASSACHUSETTS,8
10118,VIRGINIA,1
10118,AUSTRALIA,2
10118,TENNESSEE,2
10118,NEVADA,5
10118,NEW JERSEY,57
10118,ISRAEL,1
10118,TEXAS,6
10118,SPAIN,1
10118,HONG KONG,1
10118,GERMANY,1
10118,ITALY,3
10118,SOVIET UNION,4
10118,BRITISH VIRGIN ISLANDS,4
10119,ISRAEL,1
10119,SPAIN,1
10119,VIRGINIA,2
10119,NEVADA,1
10119,BRITISH VIRGIN ISLANDS,2
10119,CANADA,1
10119,JAPAN,1
10119,CONNECTICUT,5
10119,TENNESSEE,1
10119,FRANCE,1
10119,DELAWARE,180
10119,PENNSYLVANIA,5
10119,WASHINGTON,1
10119,BAHAMA ISLANDS,1
10119,KOREA,1
10119,,2
10119,CALIFORNIA,5
10119,MASSACHUSETTS,2
10119,COLORADO,1
10119,ITALY,6
10119,UNITED KINGDOM,2
10119,FLORIDA,5
10119,ILLINOIS,1
10119,TEXAS,3
10119,CHINA,1
10119,NEW JERSEY,27
10120,NORTH CAROLINA,1
10120,MASSACHUSETTS,3
10120,WISCONSIN,1
10120,MONTANA,1
10120,FLORIDA,1
10120,NEW HAMPSHIRE,1
10120,CALIFORNIA,2
10120,LOUISIANA,1
10120,ILLINOIS,1
10120,VIRGINIA,2
10120,PENNSYLVANIA,5
10120,NEW JERSEY,6
10120,,2
10120,TENNESSEE,1
10120,DELAWARE,19
10120,MAINE,1
10120,GEORGIA,1
10121,PANAMA,2
10121,PENNSYLVANIA,1
10121,MINNESOTA,2
10121,KENTUCKY,1
10121,ILLINOIS,1
10121,OREGON,1
10121,INDIANA,1
10121,NEW JERSEY,3
10121,CALIFORNIA,1
10121,DELAWARE,27
10121,CONNECTICUT,2
10121,ARKANSAS,1
10121,,1
10121,NEVADA,1
10121,BRITISH VIRGIN ISLANDS,1
10121,COLORADO,2
10122,MARYLAND,7
10122,COLORADO,1
10122,TEXAS,1
10122,FLORIDA,10
10122,WASHINGTON,5
10122,CONNECTICUT,3
10122,NEVADA,5
10122,NEW JERSEY,18
10122,SOUTH CAROLINA,1
10122,DISTRICT OF COLUMBIA,2
10122,VIRGINIA,3
10122,PENNSYLVANIA,5
10122,KOREA,1
10122,ITALY,1
10122,ARIZONA,1
10122,CALIFORNIA,10
10122,MICHIGAN,1
10122,GEORGIA,1
10122,ALABAMA,1
10122,MISSISSIPPI,1
10122,INDIA,1
10122,ILLINOIS,2
10122,DELAWARE,221
10122,NOVA SCOTIA,1
10122,MAINE,2
10122,NORTH CAROLINA,2
10123,NORTH CAROLINA,5
10123,CANADA,1
10123,OREGON,1
10123,CONNECTICUT,2
10123,KOREA,3
10123,TEXAS,3
10123,PENNSYLVANIA,4
10123,NEVADA,1
10123,MAINE,1
10123,ITALY,1
10123,NEW JERSEY,27
10123,FLORIDA,7
10123,OHIO,1
10123,ILLINOIS,2
10123,CALIFORNIA,9
10123,DELAWARE,75
10123,MASSACHUSETTS,1
10123,DISTRICT OF COLUMBIA,1
10123,SOUTH CAROLINA,1
10123,GEORGIA,1
10124,FLORIDA,1
10124,DELAWARE,2
10125,MINNESOTA,1
10125,CALIFORNIA,1
10125,DELAWARE,1
10125,OHIO,1
10126,DELAWARE,1
10128,NEW HAMPSHIRE,1
10128,INDIA,1
10128,MISSOURI,3
10128,VERMONT,2
10128,PANAMA,1
10128,KANSAS,1
10128,TENNESSEE,1
10128,BRITISH VIRGIN ISLANDS,2
10128,PENNSYLVANIA,4
10128,MARYLAND,3
10128,GEORGIA,2
10128,OHIO,1
10128,MASSACHUSETTS,1
10128,NEW JERSEY,37
10128,NEVADA,6
10128,KENTUCKY,1
10128,CALIFORNIA,6
10128,CANADA,1
10128,DELAWARE,445
10128,ARIZONA,2
10128,CONNECTICUT,3
10128,HONG KONG,1
10128,DISTRICT OF COLUMBIA,2
10128,GABON,1
10128,FLORIDA,6
10128,MINNESOTA,1
10128,BRAZIL,1
10128,ITALY,1
10128,IOWA,1
10128,,1
10128,TEXAS,3
10128,ILLINOIS,3
10128,WASHINGTON,2
10128,WYOMING,1
10128,MICHIGAN,2
10129,PENNSYLVANIA,1
10129,NEW JERSEY,1
10129,OHIO,3
10130,DELAWARE,2
10130,NEVADA,1
10131,FLORIDA,1
10132,FLORIDA,1
10150,NORTH CAROLINA,1
10150,NEVADA,1
10150,ILLINOIS,2
10150,DELAWARE,46
10150,MICHIGAN,1
10150,FLORIDA,1
10150,NEW JERSEY,1
10150,MARYLAND,2
10150,LIBERIA,1
10151,PANAMA,1
10151,ILLINOIS,1
10151,PENNSYLVANIA,1
10151,MARYLAND,2
10151,FLORIDA,1
10151,OHIO,2
10151,CALIFORNIA,2
10151,DELAWARE,222
10151,CONNECTICUT,2
10151,NEW JERSEY,4
10151,TENNESSEE,1
10151,INDIANA,1
10151,TEXAS,1
10151,MASSACHUSETTS,1
10152,MASSACHUSETTS,1
10152,MARYLAND,1
10152,NETHERLANDS ANTILLES,1
10152,DELAWARE,454
10152,NORTH CAROLINA,1
10152,CAYMAN ISLANDS,3
10152,TEXAS,1
10152,FLORIDA,2
10152,,2
10152,MICHIGAN,4
10152,VIRGINIA,1
10152,PENNSYLVANIA,2
10152,CALIFORNIA,1
10152,ALASKA,1
10152,JAPAN,1
10152,NEVADA,1
10152,CANADA,1
10152,ITALY,1
10152,CHANNEL ISLANDS,1
10152,CONNECTICUT,1
10152,ILLINOIS,2
10153,CAYMAN ISLANDS,2
10153,DELAWARE,473
10153,BAHAMA ISLANDS,1
10153,FLORIDA,2
10153,CALIFORNIA,1
10153,CANADA,1
10153,MARYLAND,14
10153,NEW JERSEY,5
10153,DISTRICT OF COLUMBIA,1
10153,KANSAS,1
10153,CONNECTICUT,3
10153,VENEZUELA,1
10153,WISCONSIN,1
10153,,6
10154,ALBERTA,5
10154,MASSACHUSETTS,4
10154,DELAWARE,670
10154,ENGLAND,8
10154,CAYMAN ISLANDS,11
10154,MARYLAND,10
10154,CANADA,5
10154,KOREA,1
10154,NEW JERSEY,5
10154,UNITED ARAB EMIRATES,1
10154,ILLINOIS,1
10154,,2
10154,NEVADA,1
10154,TEXAS,1
10154,CALIFORNIA,2
10154,FLORIDA,2
10154,GEORGIA,1
10154,CONNECTICUT,1
10155,BRITISH VIRGIN ISLANDS,2
10155,UNITED KINGDOM,1
10155,BOLIVIA,1
10155,PENNSYLVANIA,2
10155,DELAWARE,187
10155,NEVADA,3
10155,MARYLAND,1
10155,MARSHALL ISLANDS,1
10155,COLORADO,2
10155,ANDORRA,1
10155,FLORIDA,4
10155,NORTH CAROLINA,1
10155,CALIFORNIA,2
10155,NEW JERSEY,4
10156,GEORGIA,1
10156,NEVADA,2
10156,OKLAHOMA,1
10156,DELAWARE,12
10157,CONNECTICUT,1
10157,VIRGINIA,1
10157,DELAWARE,1
10158,NEVADA,3
10158,CANADA,2
10158,,2
10158,CONNECTICUT,2
10158,MASSACHUSETTS,1
10158,DELAWARE,175
10158,IOWA,1
10158,TEXAS,2
10158,SOVIET UNION,1
10158,BAHAMA ISLANDS,1
10158,DOMINICAN REPUBLIC,1
10158,MARYLAND,9
10158,ALL OTHERS,1
10158,GERMANY,1
10158,JAPAN,5
10158,FLORIDA,3
10158,NEW JERSEY,9
10158,CALIFORNIA,7
10158,LIBERIA,1
10158,LOUISIANA,1
10158,PENNSYLVANIA,1
10159,NEVADA,1
10159,WYOMING,1
10159,SOUTH AFRICA,1
10159,DELAWARE,11
10159,PENNSYLVANIA,1
10159,MINNESOTA,1
10160,MISSOURI,1
10160,CANADA,2
10160,OHIO,1
10162,CALIFORNIA,1
10162,MICHIGAN,1
10162,DELAWARE,10
10162,ILLINOIS,1
10162,TEXAS,1
10163,FLORIDA,1
10163,OREGON,1
10163,CALIFORNIA,1
10163,NEW JERSEY,1
10163,GEORGIA,1
10163,ALASKA,1
10163,DELAWARE,54
10163,DISTRICT OF COLUMBIA,1
10163,IRAN,1
10163,CONNECTICUT,1
10163,NEVADA,1
10163,MICHIGAN,1
10163,MARYLAND,2
10163,ARIZONA,1
10164,,1
10164,BRAZIL,1
10164,DELAWARE,4
10165,SOUTH CAROLINA,1
10165,VIRGINIA,1
10165,PENNSYLVANIA,5
10165,,8
10165,RUSSIA,1
10165,DISTRICT OF COLUMBIA,1
10165,FLORIDA,9
10165,SPAIN,1
10165,NEW JERSEY,37
10165,DELAWARE,320
10165,CONNECTICUT,21
10165,ARIZONA,1
10165,NEW HAMPSHIRE,3
10165,GEORGIA,1
10165,PANAMA,1
10165,NORTH CAROLINA,1
10165,JAPAN,6
10165,LIBERIA,1
10165,MISSOURI,1
10165,BRITISH VIRGIN ISLANDS,1
10165,MASSACHUSETTS,3
10165,SWEDEN,1
10165,COLORADO,1
10165,MARYLAND,3
10165,UTAH,1
10165,MINNESOTA,1
10165,NEVADA,11
10165,KOREA,3
10165,LOUISIANA,1
10165,WASHINGTON,1
10165,CANADA,5
10165,TENNESSEE,1
10165,TEXAS,3
10165,ILLINOIS,4
10165,KANSAS,1
10165,CALIFORNIA,12
10165,ENGLAND-WALES,2
10165,ALABAMA,1
10165,SINGAPORE,1
10165,HONG KONG,2
10165,INDIA,1
10165,MICHIGAN,1
10165,QUEBEC,1
10165,WYOMING,1
10166,GABON,1
10166,DISTRICT OF COLUMBIA,1
10166,LIBERIA,1
10166,WASHINGTON,1
10166,MASSACHUSETTS,1
10166,,6
10166,IRELAND,1
10166,PANAMA,1
10166,KANSAS,1
10166,DELAWARE,402
10166,VIRGINIA,3
10166,FLORIDA,5
10166,JAPAN,6
10166,ARKANSAS,1
10166,NEW JERSEY,14
10166,MISSOURI,1
10166,PHILIPPINES,1
10166,IOWA,1
10166,NEVADA,3
10166,NETHERLANDS ANTILLES,2
10166,CALIFORNIA,8
10166,OHIO,3
10166,PENNSYLVANIA,2
10166,UNITED KINGDOM,1
10166,MICHIGAN,1
10166,ILLINOIS,1
10166,MARYLAND,68
10166,MINNESOTA,1
10166,TEXAS,2
10166,CONNECTICUT,7
10166,ENGLAND-WALES,1
10166,KOREA,2
10167,NEW JERSEY,3
10167,NEVADA,1
10167,GERMANY,1
10167,CAYMAN ISLANDS,13
10167,UNITED KINGDOM,1
10167,FLORIDA,1
10167,NEBRASKA,1
10167,PENNSYLVANIA,2
10167,ENGLAND,1
10167,HAWAII,1
10167,MISSOURI,1
10167,BRITISH VIRGIN ISLANDS,1
10167,,1
10167,ISRAEL,1
10167,MINNESOTA,1
10167,CONNECTICUT,1
10167,DELAWARE,286
10167,JAPAN,1
10167,BERMUDA,1
10168,BERMUDA,1
10168,KOREA,4
10168,ENGLAND,1
10168,OHIO,2
10168,SOUTH CAROLINA,1
10168,MICHIGAN,1
10168,MARYLAND,5
10168,VIRGINIA,1
10168,CALIFORNIA,6
10168,NEVADA,2
10168,PENNSYLVANIA,3
10168,FLORIDA,8
10168,TEXAS,2
10168,CONNECTICUT,2
10168,NETHERLANDS,1
10168,DISTRICT OF COLUMBIA,1
10168,ARIZONA,2
10168,WISCONSIN,2
10168,ILLINOIS,6
10168,NEBRASKA,1
10168,JAPAN,4
10168,DELAWARE,193
10168,NEW JERSEY,29
10168,MASSACHUSETTS,1
10168,BAHAMA ISLANDS,1
10168,BRITISH VIRGIN ISLANDS,1
10168,COLOMBIA,1
10168,KANSAS,1
10168,GEORGIA,2
10168,ONTARIO,1
10168,NORTH CAROLINA,1
10168,,5
10168,UTAH,1
10168,HONG KONG,2
10168,WEST VIRGINIA,1
10168,MISSOURI,2
10169,HAWAII,1
10169,WALES,1
10169,US VIRGIN ISLANDS,1
10169,NEBRASKA,1
10169,UNITED KINGDOM,2
10169,LIBERIA,1
10169,IOWA,1
10169,NETHERLANDS ANTILLES,2
10169,PANAMA,2
10169,,10
10169,PAKISTAN,1
10169,PENNSYLVANIA,3
10169,NEW JERSEY,23
10169,OHIO,1
10169,AUSTRALIA,1
10169,IRAN,1
10169,UTAH,1
10169,ILLINOIS,2
10169,CONNECTICUT,13
10169,FLORIDA,15
10169,SWITZERLAND,1
10169,MARYLAND,3
10169,VIRGINIA,2
10169,CANADA,6
10169,CAYMAN ISLANDS,3
10169,VERMONT,1
10169,TEXAS,4
10169,JAPAN,1
10169,CALIFORNIA,13
10169,NORTH CAROLINA,3
10169,INDIANA,2
10169,WASHINGTON,2
10169,BRITISH VIRGIN ISLANDS,1
10169,MASSACHUSETTS,2
10169,NEVADA,8
10169,DELAWARE,630
10170,SINGAPORE,12
10170,TENNESSEE,1
10170,VIRGINIA,2
10170,BOLIVIA,1
10170,DELAWARE,461
10170,ARIZONA,1
10170,MICHIGAN,2
10170,,1
10170,FRANCE,1
10170,CAYMAN ISLANDS,4
10170,MASSACHUSETTS,2
10170,PENNSYLVANIA,8
10170,OKLAHOMA,1
10170,HONG KONG,13
10170,CONNECTICUT,11
10170,PANAMA,1
10170,MINNESOTA,1
10170,SOUTH CAROLINA,1
10170,CHINA,8
10170,INDIANA,1
10170,NETHERLANDS ANTILLES,2
10170,NEVADA,9
10170,CYPRUS,1
10170,ALL OTHERS,3
10170,ILLINOIS,7
10170,INDIA,1
10170,LIBERIA,4
10170,ENGLAND-WALES,2
10170,KOREA,5
10170,ITALY,1
10170,NETHERLANDS,3
10170,GERMANY,1
10170,DENMARK,1
10170,SPAIN,1
10170,SOVIET UNION,1
10170,MARYLAND,4
10170,MARSHALL ISLANDS,3
10170,COLORADO,2
10170,OHIO,2
10170,CANADA,1
10170,BRITISH VIRGIN ISLANDS,15
10170,RHODE ISLAND,1
10170,FLORIDA,7
10170,UNITED KINGDOM,3
10170,NEW JERSEY,23
10170,NORWAY,3
10170,CALIFORNIA,8
10171,DELAWARE,163
10171,BRITISH VIRGIN ISLANDS,2
10171,,1
10171,OHIO,1
10171,ILLINOIS,1
10171,AUSTRALIA,1
10171,PANAMA,1
10171,NEVADA,1
10171,MICHIGAN,1
10171,MARSHALL ISLANDS,3
10171,ALL OTHERS,2
10171,FLORIDA,1
10172,ALL OTHERS,1
10172,MARYLAND,5
10172,NORTH CAROLINA,1
10172,MINNESOTA,1
10172,INDIANA,3
10172,PENNSYLVANIA,12
10172,MISSOURI,2
10172,NEW HAMPSHIRE,1
10172,GEORGIA,3
10172,DELAWARE,196
10172,VIRGINIA,4
10172,JAPAN,1
10172,RHODE ISLAND,1
10172,SOUTH CAROLINA,1
10172,,5
10172,BAHAMA ISLANDS,1
10172,NEVADA,1
10172,ARKANSAS,1
10172,TEXAS,3
10172,UTAH,1
10172,FLORIDA,4
10172,US VIRGIN ISLANDS,1
10172,PUERTO RICO,1
10172,TENNESSEE,3
10172,CONNECTICUT,7
10172,NEW JERSEY,20
10172,ILLINOIS,7
10172,MICHIGAN,10
10172,KENTUCKY,1
10172,IDAHO,1
10172,DISTRICT OF COLUMBIA,2
10172,KANSAS,1
10172,OKLAHOMA,1
10172,SPAIN,1
10172,MASSACHUSETTS,5
10172,HAWAII,1
10172,CALIFORNIA,18
10172,IOWA,2
10172,OREGON,2
10172,CAYMAN ISLANDS,2
10172,OHIO,21
10173,MISSOURI,1
10173,MASSACHUSETTS,4
10173,COLORADO,1
10173,PANAMA,1
10173,FLORIDA,1
10173,ILLINOIS,2
10173,NEVADA,3
10173,MARYLAND,2
10173,BRITISH VIRGIN ISLANDS,1
10173,,3
10173,CONNECTICUT,3
10173,DELAWARE,88
10173,NEW JERSEY,19
10173,HONG KONG,1
10173,OHIO,2
10173,WYOMING,1
10173,MICHIGAN,2
10173,CALIFORNIA,1
10173,PENNSYLVANIA,2
10173,ENGLAND,1
10174,ETHIOPIA,1
10174,NETHERLANDS,1
10174,ALABAMA,1
10174,SWITZERLAND,1
10174,COLORADO,1
10174,PANAMA,17
10174,AUSTRALIA,4
10174,SINGAPORE,7
10174,DELAWARE,413
10174,ILLINOIS,2
10174,BELGIUM,2
10174,LIBERIA,7
10174,TURKEY,3
10174,JAPAN,3
10174,ENGLAND,4
10174,MARSHALL ISLANDS,5
10174,QATAR,1
10174,FRANCE,2
10174,BRITISH VIRGIN ISLANDS,9
10174,WASHINGTON,1
10174,FLORIDA,9
10174,VIRGINIA,5
10174,MALTA,1
10174,ALL OTHERS,2
10174,GERMANY,4
10174,OHIO,1
10174,QUEBEC,1
10174,CALIFORNIA,13
10174,AUSTRIA,1
10174,PENNSYLVANIA,2
10174,ENGLAND-WALES,1
10174,UTAH,1
10174,CONNECTICUT,4
10174,KENTUCKY,1
10174,CHILE,1
10174,KOREA,4
10174,BOLIVIA,1
10174,HONG KONG,11
10174,NEVADA,3
10174,MARYLAND,3
10174,SOUTH AFRICA,1
10174,SPAIN,1
10174,MEXICO,1
10174,DENMARK,6
10174,TEXAS,2
10174,GEORGIA,2
10174,INDONESIA,1
10174,,3
10174,SWEDEN,1
10174,NEW JERSEY,16
10174,MASSACHUSETTS,3
10175,PENNSYLVANIA,6
10175,OHIO,1
10175,PANAMA,1
10175,WYOMING,1
10175,IOWA,3
10175,INDIANA,1
10175,KANSAS,1
10175,MISSISSIPPI,1
10175,DELAWARE,218
10175,MICHIGAN,4
10175,LOUISIANA,1
10175,,13
10175,NORTH CAROLINA,1
10175,TENNESSEE,1
10175,CALIFORNIA,12
10175,VIRGINIA,2
10175,NEW JERSEY,29
10175,VERMONT,2
10175,DISTRICT OF COLUMBIA,1
10175,FLORIDA,9
10175,RHODE ISLAND,3
10175,NEVADA,1
10175,US VIRGIN ISLANDS,1
10175,TEXAS,3
10175,ENGLAND,1
10175,MISSOURI,1
10175,MARYLAND,4
10175,MASSACHUSETTS,21
10175,COLORADO,1
10175,WISCONSIN,1
10175,SWITZERLAND,1
10175,ARKANSAS,1
10175,ILLINOIS,7
10175,CONNECTICUT,10
10176,NEW HAMPSHIRE,1
10176,VIRGINIA,2
10176,CAYMAN ISLANDS,1
10176,CALIFORNIA,3
10176,COLORADO,1
10176,MASSACHUSETTS,3
10176,TENNESSEE,3
10176,PANAMA,1
10176,MARYLAND,2
10176,NEW JERSEY,18
10176,FLORIDA,2
10176,DELAWARE,234
10176,PENNSYLVANIA,1
10176,GEORGIA,3
10176,ILLINOIS,3
10176,CONNECTICUT,1
10176,MICHIGAN,1
10176,OHIO,1
10176,SWITZERLAND,1
10176,HAITI,1
10176,NEVADA,1
10176,,1
10177,OHIO,2
10177,PENNSYLVANIA,2
10177,FLORIDA,4
10177,MARYLAND,2
10177,,1
10177,JAPAN,2
10177,TEXAS,2
10177,NEW JERSEY,11
10177,NEVADA,2
10177,VIRGINIA,1
10177,SWITZERLAND,1
10177,CALIFORNIA,4
10177,DELAWARE,197
10177,MISSOURI,1
10177,PANAMA,2
10177,CANADA,1
10177,BELGIUM,1
10177,BERMUDA,1
10177,LIBERIA,1
10177,GEORGIA,1
10177,MASSACHUSETTS,2
10177,TENNESSEE,1
10178,DENMARK,1
10178,SWITZERLAND,1
10178,MARYLAND,1
10178,VIRGINIA,1
10178,GEORGIA,1
10178,TENNESSEE,1
10178,HONG KONG,1
10178,NEW HAMPSHIRE,1
10178,CONNECTICUT,8
10178,BRITISH VIRGIN ISLANDS,5
10178,SPAIN,1
10178,PENNSYLVANIA,13
10178,TEXAS,3
10178,CAYMAN ISLANDS,2
10178,MASSACHUSETTS,5
10178,,3
10178,NEVADA,1
10178,FLORIDA,1
10178,NEW JERSEY,18
10178,MISSOURI,1
10178,CANADA,1
10178,NORTH CAROLINA,1
10178,INDIA,1
10178,JAPAN,11
10178,DISTRICT OF COLUMBIA,2
10178,DELAWARE,445
10178,CALIFORNIA,9
10178,INDIANA,1
10178,NETHERLANDS ANTILLES,2
10178,PANAMA,2
10178,OHIO,2
10178,ILLINOIS,3
10179,SOUTH CAROLINA,1
10179,DELAWARE,18
10185,OKLAHOMA,1
10185,DELAWARE,27
10185,CALIFORNIA,1
10196,DELAWARE,1
10197,KENTUCKY,1
10203,DELAWARE,2
10213,DELAWARE,1
10242,FLORIDA,1
10256,NEW JERSEY,1
10258,MINNESOTA,1
10258,DELAWARE,1
10260,OREGON,1
10260,CAYMAN ISLANDS,2
10260,DELAWARE,27
10260,CALIFORNIA,3
10261,MINNESOTA,1
10265,DELAWARE,5
10268,DELAWARE,9
10268,NEW JERSEY,2
10268,WISCONSIN,1
10269,TENNESSEE,1
10270,LOUISIANA,1
10270,NETHERLANDS ANTILLES,2
10270,GEORGIA,1
10270,WEST VIRGINIA,1
10270,MARYLAND,8
10270,VIRGINIA,4
10270,KANSAS,1
10270,TEXAS,1
10270,MASSACHUSETTS,1
10270,FLORIDA,8
10270,KENTUCKY,1
10270,OHIO,5
10270,ILLINOIS,8
10270,OREGON,2
10270,TENNESSEE,2
10270,CHINA,1
10270,DELAWARE,181
10270,PENNSYLVANIA,8
10270,SWITZERLAND,1
10270,CONNECTICUT,3
10270,CALIFORNIA,22
10270,CAYMAN ISLANDS,1
10270,,13
10270,NEVADA,4
10270,MICHIGAN,2
10270,PANAMA,2
10270,NEW JERSEY,11
10270,DISTRICT OF COLUMBIA,3
10271,ILLINOIS,1
10271,SWITZERLAND,1
10271,,1
10271,DELAWARE,110
10271,NEW JERSEY,3
10271,FLORIDA,1
10271,MARYLAND,1
10271,VIRGINIA,1
10271,CONNECTICUT,1
10271,PENNSYLVANIA,1
10271,NEVADA,2
10271,CALIFORNIA,1
10271,BRITISH VIRGIN ISLANDS,4
10272,NEW JERSEY,1
10272,DELAWARE,1
10272,NEVADA,1
10274,DELAWARE,20
10274,NEVADA,3
10274,ILLINOIS,1
10274,NEW JERSEY,1
10274,IDAHO,1
10275,MARYLAND,10
10275,FLORIDA,1
10275,NEW JERSEY,1
10276,VIRGINIA,1
10276,FLORIDA,2
10276,SOUTH CAROLINA,1
10276,DELAWARE,9
10278,NEW JERSEY,1
10278,MASSACHUSETTS,2
10278,DELAWARE,2
10279,KANSAS,2
10279,GEORGIA,1
10279,MINNESOTA,3
10279,PENNSYLVANIA,3
10279,TURKEY,1
10279,MASSACHUSETTS,2
10279,MARSHALL ISLANDS,1
10279,ILLINOIS,5
10279,BOLIVIA,1
10279,FLORIDA,4
10279,LOUISIANA,1
10279,CONNECTICUT,4
10279,NORTH CAROLINA,1
10279,NEW MEXICO,1
10279,NEW JERSEY,35
10279,INDIANA,3
10279,SWITZERLAND,1
10279,ALABAMA,1
10279,FRANCE,1
10279,UNITED ARAB EMIRATES,1
10279,,5
10279,DELAWARE,53
10279,CHINA,1
10279,HONG KONG,3
10279,SOVIET UNION,1
10279,ITALY,1
10279,ALL OTHERS,1
10279,WISCONSIN,1
10279,OKLAHOMA,1
10279,OREGON,1
10279,TEXAS,3
10279,IOWA,2
10279,OHIO,1
10279,TENNESSEE,1
10279,NEVADA,3
10279,CALIFORNIA,1
10279,MAINE,1
10279,MICHIGAN,7
10280,TEXAS,1
10280,WYOMING,1
10280,CALIFORNIA,6
10280,NEW JERSEY,8
10280,MASSACHUSETTS,3
10280,DISTRICT OF COLUMBIA,1
10280,BERMUDA,1
10280,BRITISH VIRGIN ISLANDS,1
10280,CANADA,1
10280,PENNSYLVANIA,1
10280,DELAWARE,96
10280,FLORIDA,3
10280,NEVADA,5
10280,MARYLAND,1
10280,CONNECTICUT,2
10281,EAST GERMANY,1
10281,FLORIDA,1
10281,JAPAN,2
10281,CONNECTICUT,1
10281,TEXAS,1
10281,MASSACHUSETTS,1
10281,FRANCE,1
10281,NEW JERSEY,4
10281,MARYLAND,6
10281,SWITZERLAND,1
10281,,1
10281,CALIFORNIA,2
10281,SINGAPORE,1
10281,DELAWARE,303
10281,ILLINOIS,1
10281,KOREA,2
10281,MARSHALL ISLANDS,2
10281,GEORGIA,1
10282,MASSACHUSETTS,1
10282,CALIFORNIA,2
10282,SCOTLAND,1
10282,DELAWARE,257
10282,TEXAS,1
10282,OHIO,2
10282,FLORIDA,2
10282,PENNSYLVANIA,1
10282,ENGLAND,2
10282,CAYMAN ISLANDS,64
10282,NEW JERSEY,2
10282,BARBADOS,3
10282,NEVADA,4
10282,ILLINOIS,1
10282,SWITZERLAND,1
10285,DELAWARE,29
10285,ARIZONA,1
10285,TEXAS,1
10285,FLORIDA,1
10285,CALIFORNIA,1
10286,FLORIDA,1
10286,DELAWARE,17
10292,MARYLAND,7
10292,DELAWARE,11
10292,TENNESSEE,1
11237,PENNSYLVANIA,1
11237,CANADA,1
11237,NEW JERSEY,15
11237,FLORIDA,1
11237,NEVADA,2
11237,CALIFORNIA,1
11237,ILLINOIS,1
11237,VIRGINIA,1
11237,KENTUCKY,1
11237,,2
11237,DELAWARE,32
11237,MASSACHUSETTS,2
11237,OHIO,1
11237,ARIZONA,1
11237,MICHIGAN,1
11237,CONNECTICUT,1